1
                 Chemistry at HARvard Macromolecular Mechanics
           (CHARMM) - Developmental Version 47a2   February 15, 2021            
                                Revision unknown                                
       Copyright(c) 1984-2020  President and Fellows of Harvard College
                              All Rights Reserved
             Current operating system: Linux-6.1.0-49-amd64(x86_64)             
                 Created on  9/16/26 at 21:53:25 by user: charmm-gui  

            Maximum number of ATOMS:    360720, and RESidues:      120240
 RDTITL> * GENERATED BY CHARMM-GUI (HTTP://WWW.CHARMM-GUI.ORG) V3.7 ON SEP, 16. 2026. JOBID=8959400435
 RDTITL> * SETUP PERIODIC BOUNDARY CONDITION
 RDTITL> *
  
 CHARMM>     
  
 CHARMM>    DIMENS CHSIZE 5000000 MAXRES 3000000
Size      Original         New
MAXA        360720     5000000
MAXB        360720     5000000
MAXT        721440    10000000
MAXP       1082160    15000000
MAXIMP      180360     2500000
MAXNB        90180     1250000
MAXPAD      360720     5000000
MAXRES      120240     3000000
MAXSEG       45090      625000
MAXATC        1400
MAXCB         3000
MAXCT        50000
MAXCP        50000
MAXCI         1200
MAXCH         6400
MAXCN       502503
MAXCRT      120240     1666666
  
 CHARMM>     
  
 CHARMM>    ! Read topology and parameter files
 CHARMM>    stream toppar.str
 VOPEN> Attempting to open::toppar.str::
 OPNLGU> Unit 99 opened for READONLY access to toppar.str

                    INPUT STREAM SWITCHING TO UNIT    99
 RDTITL> * GENERATED BY CHARMM-GUI (HTTP://WWW.CHARMM-GUI.ORG) V3.7 ON SEP, 16. 2026. JOBID=8959400435
 RDTITL> * STREAM FILE FOR TOPOLOGY AND PARAMETER READING
 RDTITL> *
 Parameter: IN1 <- "" <empty>
  
 CHARMM>     
  
 CHARMM>    ! protein topology and parameter
 CHARMM>    open read card unit 10 name toppar/top_all36_prot.rtf
 VOPEN> Attempting to open::toppar/top_all36_prot.rtf::
 OPNLGU> Unit 10 opened for READONLY access to toppar/top_all36_prot.rtf
  
 CHARMM>    read  rtf card unit 10
 MAINIO> Residue topology file being read from unit  10.
 TITLE> *>>>>>>>>CHARMM36 ALL-HYDROGEN TOPOLOGY FILE FOR PROTEINS <<<<<<
 TITLE> *>>>>> INCLUDES PHI, PSI CROSS TERM MAP (CMAP) CORRECTION <<<<<<<
 TITLE> *>>>>>>>>>>>>>>>>>>>>>>>>>> MAY 2011 <<<<<<<<<<<<<<<<<<<<<<<<<<<<
 TITLE> * ALL COMMENTS TO THE CHARMM WEB SITE: WWW.CHARMM.ORG
 TITLE> *             PARAMETER SET DISCUSSION FORUM
 TITLE> *
  
 CHARMM>     
  
 CHARMM>    open read card unit 20 name toppar/par_all36m_prot.prm
 VOPEN> Attempting to open::toppar/par_all36m_prot.prm::
 OPNLGU> Unit 20 opened for READONLY access to toppar/par_all36m_prot.prm
  
 CHARMM>    read para card unit 20 flex

          PARAMETER FILE BEING READ FROM UNIT 20
 TITLE> *>>>> CHARMM36 ALL-HYDROGEN PARAMETER FILE FOR PROTEINS <<<<<<<<<<
 TITLE> *>>>>> INCLUDES PHI, PSI CROSS TERM MAP (CMAP) CORRECTION <<<<<<<<
 TITLE> *>>>>>>>>>>>>>>>>>>>>>>>>>> JAN. 2016 <<<<<<<<<<<<<<<<<<<<<<<<<<<<
 TITLE> * ALL COMMENTS TO THE CHARMM WEB SITE: WWW.CHARMM.ORG
 TITLE> *             PARAMETER SET DISCUSSION FORUM
 TITLE> *
 PARMIO> NONBOND, HBOND lists and IMAGE atoms cleared.
  
 CHARMM>     
  
 CHARMM>    ! nucleic acids
 CHARMM>    open read card unit 10 name toppar/top_all36_na.rtf
 OPNLGU> Unit already open. The old file will be closed first.
 VCLOSE: Closing unit   10 with status "KEEP"
 VOPEN> Attempting to open::toppar/top_all36_na.rtf::
 OPNLGU> Unit 10 opened for READONLY access to toppar/top_all36_na.rtf
  
 CHARMM>    read  rtf card unit 10 append
 MAINIO> Residue topology file being read from unit  10.
 TITLE> *  \\\\ CHARMM36 ALL-HYDROGEN NUCLEIC ACID TOPOLOGY FILE ////
 TITLE> *   ALEXANDER D. MACKERELL JR. AND COWORKERS
 TITLE> *                      APRIL 2011
 TITLE> * ALL COMMENTS TO THE CHARMM WEB SITE: WWW.CHARMM.ORG
 TITLE> *           PARAMETER SET DISCUSSION FORUM
 TITLE> *
  
 CHARMM>     
  
 CHARMM>    open read card unit 20 name toppar/par_all36_na.prm
 OPNLGU> Unit already open. The old file will be closed first.
 VCLOSE: Closing unit   20 with status "KEEP"
 VOPEN> Attempting to open::toppar/par_all36_na.prm::
 OPNLGU> Unit 20 opened for READONLY access to toppar/par_all36_na.prm
  
 CHARMM>    read para card unit 20 append flex

          PARAMETER FILE BEING READ FROM UNIT 20
 TITLE> * \\\\ CHARMM36 ALL-HYDROGEN NUCLEIC ACID PARAMETER FILE ////
 TITLE> *         ALEXANDER D. MACKERELL JR. AND COWORKERS
 TITLE> *                        APRIL 2011
 TITLE> * ALL COMMENTS TO THE CHARMM WEB SITE: WWW.CHARMM.ORG PARAMETER
 TITLE> *                     SET DISCUSSION FORUM
 TITLE> *
 PARMIO> NONBOND, HBOND lists and IMAGE atoms cleared.
  
 CHARMM>     
  
 CHARMM>    ! carbohydrates
 CHARMM>    open read card unit 10 name toppar/top_all36_carb.rtf
 OPNLGU> Unit already open. The old file will be closed first.
 VCLOSE: Closing unit   10 with status "KEEP"
 VOPEN> Attempting to open::toppar/top_all36_carb.rtf::
 OPNLGU> Unit 10 opened for READONLY access to toppar/top_all36_carb.rtf
  
 CHARMM>    read  rtf card unit 10 append
 MAINIO> Residue topology file being read from unit  10.
 TITLE> * $ID: TOP_ALLXX_SUGAR.INP,V 1.106 2014/08/19 19:07:43 ALEX EXP $
 TITLE> *>>>>>>>>>>>> ALL-HYDROGEN TOPOLOGIES USED IN THE <<<<<<<<<<<<<<<<
 TITLE> *>>>>> DEVELOPMENT OF THE CHARMM CARBOHYDRATE  FORCE FIELD<<<<<<<<
 TITLE> *>>>>>>>>>>>>>>>>>>>>>>>>> JUNE 2009 <<<<<<<<<<<<<<<<<<<<<<<<<<<<<
 TITLE> *>>>>>>>> DIRECT COMMENTS TO ALEXANDER D. MACKERELL JR. <<<<<<<<<<
 TITLE> *>>>>>>>>>> VIA THE CHARMM WEB SITE: WWW.CHARMM.ORG <<<<<<<<<<<<<<
 TITLE> *>>>>>>>>>>>>>>> PARAMETER SET DISCUSSION FORUM <<<<<<<<<<<<<<<<<<
 TITLE> *
  
 CHARMM>     
  
 CHARMM>    open read card unit 20 name toppar/par_all36_carb.prm
 OPNLGU> Unit already open. The old file will be closed first.
 VCLOSE: Closing unit   20 with status "KEEP"
 VOPEN> Attempting to open::toppar/par_all36_carb.prm::
 OPNLGU> Unit 20 opened for READONLY access to toppar/par_all36_carb.prm
  
 CHARMM>    read para card unit 20 append flex

          PARAMETER FILE BEING READ FROM UNIT 20
 TITLE> * $ID: PAR_ALLXX_SUGAR.INP,V 1.132 2014/08/19 19:03:21 ALEX EXP $
 TITLE> *>>>>>>>>>>>> ALL-HYDROGEN PARAMETERS USED IN THE <<<<<<<<<<<<<<<<
 TITLE> *>>>>> DEVELOPMENT OF THE CHARMM CARBOHYDRATE  FORCE FIELD<<<<<<<<
 TITLE> *>>>>>>>>>>>>>>>>>>>>>>>>> JUNE 2009 <<<<<<<<<<<<<<<<<<<<<<<<<<<<<
 TITLE> *>>>>>>>> DIRECT COMMENTS TO ALEXANDER D. MACKERELL JR. <<<<<<<<<<
 TITLE> *>>>>>>>>>> VIA THE CHARMM WEB SITE: WWW.CHARMM.ORG <<<<<<<<<<<<<<
 TITLE> *>>>>>>>>>>>>>>> PARAMETER SET DISCUSSION FORUM <<<<<<<<<<<<<<<<<<
 TITLE> *
 PARMIO> NONBOND, HBOND lists and IMAGE atoms cleared.
  
 CHARMM>     
  
 CHARMM>    ! lipids
 CHARMM>    open read card unit 10 name toppar/top_all36_lipid.rtf
 OPNLGU> Unit already open. The old file will be closed first.
 VCLOSE: Closing unit   10 with status "KEEP"
 VOPEN> Attempting to open::toppar/top_all36_lipid.rtf::
 OPNLGU> Unit 10 opened for READONLY access to toppar/top_all36_lipid.rtf
  
 CHARMM>    read  rtf card unit 10 append
 MAINIO> Residue topology file being read from unit  10.
 TITLE> *  \\\\\\\ CHARMM36 ALL-HYDROGEN LIPID TOPOLOGY FILE ///////
 TITLE> *  ALL COMMENTS AND QUESTIONS SHOULD BE SUBMITTED TO THE
 TITLE> *  PARAMETER FORUM AT THE CHARMM WEBSITE: WWW.CHARMM.ORG
 TITLE> *
  
 CHARMM>     
  
 CHARMM>    open read card unit 20 name toppar/par_all36_lipid.prm
 OPNLGU> Unit already open. The old file will be closed first.
 VCLOSE: Closing unit   20 with status "KEEP"
 VOPEN> Attempting to open::toppar/par_all36_lipid.prm::
 OPNLGU> Unit 20 opened for READONLY access to toppar/par_all36_lipid.prm
  
 CHARMM>    read para card unit 20 append flex

          PARAMETER FILE BEING READ FROM UNIT 20
 TITLE> *  \\\\\\\ CHARMM36 ALL-HYDROGEN LIPID PARAMETER FILE ///////
 TITLE> *  ALL COMMENTS AND QUESTIONS SHOULD BE SUBMITTED TO THE
 TITLE> *  PARAMETER FORUM AT THE CHARMM WEBSITE: WWW.CHARMM.ORG
 TITLE> *
 PARMIO> NONBOND, HBOND lists and IMAGE atoms cleared.
  
 CHARMM>     
  
 CHARMM>    ! CGENFF
 CHARMM>    open read card unit 10 name toppar/top_all36_cgenff.rtf
 OPNLGU> Unit already open. The old file will be closed first.
 VCLOSE: Closing unit   10 with status "KEEP"
 VOPEN> Attempting to open::toppar/top_all36_cgenff.rtf::
 OPNLGU> Unit 10 opened for READONLY access to toppar/top_all36_cgenff.rtf
  
 CHARMM>    read  rtf card unit 10 append
 MAINIO> Residue topology file being read from unit  10.
 TITLE> *  --------------------------------------------------------------------------  *
 TITLE> *          CGENFF: TOPOLOGY FOR THE CHARMM GENERAL FORCE FIELD V. 5.0          *
 TITLE> *                    FOR SMALL MOLECULE DRUG DESIGN                            *
 TITLE> *  --------------------------------------------------------------------------  *
 TITLE> *

 DRUDES PARTICLES WILL BE GENERATED AUTOMATICALLY FOR ALL ATOMS WITH NON-ZERO ALPHA
 Thole-type dipole screening, Slater-Delta shape {S(u) = 1 - (1+u/2)*exp(-u)}, default radius =  1.300000
  
 CHARMM>     
  
 CHARMM>    open read card unit 20 name toppar/par_all36_cgenff.prm
 OPNLGU> Unit already open. The old file will be closed first.
 VCLOSE: Closing unit   20 with status "KEEP"
 VOPEN> Attempting to open::toppar/par_all36_cgenff.prm::
 OPNLGU> Unit 20 opened for READONLY access to toppar/par_all36_cgenff.prm
  
 CHARMM>    read para card unit 20 append flex

          PARAMETER FILE BEING READ FROM UNIT 20
 TITLE> *  --------------------------------------------------------------------------  *
 TITLE> *         CGENFF: PARAMETERS FOR THE CHARMM GENERAL FORCE FIELD V. 5.0         *
 TITLE> *                    FOR SMALL MOLECULE DRUG DESIGN                            *
 TITLE> *  --------------------------------------------------------------------------  *
 TITLE> *  2017/8: IF PROTEIN, NUCLEIC ACID AND CARBOHYDRATE TOPOLOGY AND PARAMETER FILES
 TITLE> *  ARE NOT READ PRIOR TO THE CGENFF FILES "WARNING: ATOMS IN NBFIX ' errors will
 TITLE> *  BE ENCOUNTERED.  THESE CAN BE PASSED BY SETTING BOMLEV ( -2) PRIOR TO READING
 TITLE> *  THIS FILE. IN ADDITION, WHEN GENERATING AROMATIC HALOGENS (CL, BR, I) WITH
 TITLE> *  PRE C41B/C42A VERSIONS OF CHARMM "MISSING PARAMETER" ERRORS WILL BE
 TITLE> *  ENCOUNTERED THAT ALSO REQUIRE SETTING BOMLEV ( -2).
 TITLE> *
 PARRDR> WARNING: ATOM FOR NBOND SOD  DOESNT EXIST
 PARRDR> WARNING: ATOM FOR NBOND CLA  DOESNT EXIST
 PARMIO> NONBOND, HBOND lists and IMAGE atoms cleared.
  
 CHARMM>     
  
 CHARMM>    ! Phosphates and Sulfates
 CHARMM>    stream toppar/toppar_all36_moreions.str
 VOPEN> Attempting to open::toppar/toppar_all36_moreions.str::
 OPNLGU> Unit 98 opened for READONLY access to toppar/toppar_all36_moreions.str

                    INPUT STREAM SWITCHING TO UNIT    98
 RDTITL> * ADDITIONAL IONS GENERATED USING CGENFF
 RDTITL> *
 Parameter: IN1 <- "" <empty>
  
 CHARMM>     
  
 CHARMM>    set nat ?NATC
 RDCMND substituted energy or value "?NATC" to "350"
 Parameter: NAT <- "350"
  
 CHARMM>    set app
 Parameter: APP <- "" <empty>
  
 CHARMM>     
  
 CHARMM>    if "@NAT" ne "?NATC" if @nat ne 0 set app append
 Parameter: NAT -> "350"
 Parameter: NAT -> "350"
 RDCMND: can not substitute energy "?NATC""
 Comparing ""350"" and ""?NATC"".
 IF test evaluated as true.  Performing command
 Comparing "350" and "0".
 IF test evaluated as true.  Performing command
 Parameter: APP <- "APPEND"
  
 CHARMM>     
  
 CHARMM>    read rtf card @app
 Parameter: APP -> "APPEND"
 MAINIO> Residue topology file being read from unit  98.
 RDTITL> * TOPOLOGIES GENERATED BY
 RDTITL> * CHARMM GENERAL FORCE FIELD (CGENFF) PROGRAM VERSION 2.4.0
 RDTITL> *
  
 CHARMM>     
  
 CHARMM>    read para card flex @app
 Parameter: APP -> "APPEND"

          PARAMETER FILE BEING READ FROM UNIT 98
 RDTITL> * PARAMETERS GENERATED BY ANALOGY BY
 RDTITL> * CHARMM GENERAL FORCE FIELD (CGENFF) PROGRAM VERSION 2.4.0
 RDTITL> *
 PARRDR> Error: Repeated BOND parameter (  1720): OG31  SG3O is replaced
 PARRDR> Error: Repeated ANGLE parameter (  7902): OG2P  SG3O  OG31 is replaced
 PARRDR> Error: Repeated ANGLE parameter (  7582): SG3O  OG31  HGP1 is replaced
 PARRDR> Error: Repeated DIHE parameter ( 31803): HGP1  OG31  SG3O  OG2P is replaced
 PARRDR> Error: Repeated DIHE parameter ( 31804): HGP1  OG31  SG3O  OG2P is replaced
 PARRDR> Error: Repeated DIHE parameter ( 31805): HGP1  OG31  SG3O  OG2P is replaced
 PARRDR> Error: Repeated DIHE parameter ( 31806): HGP1  OG31  SG3O  OG2P is replaced
 PARMIO> NONBOND, HBOND lists and IMAGE atoms cleared.
  
 CHARMM>     
  
 VCLOSE: Closing unit   98 with status "KEEP"

                    RETURNING TO INPUT STREAM    99
  
 CHARMM>     
  
 CHARMM>    ! Interface FF
 CHARMM>    open read card unit 10 name toppar/top_interface.rtf
 OPNLGU> Unit already open. The old file will be closed first.
 VCLOSE: Closing unit   10 with status "KEEP"
 VOPEN> Attempting to open::toppar/top_interface.rtf::
 OPNLGU> Unit 10 opened for READONLY access to toppar/top_interface.rtf
  
 CHARMM>    read  rtf card unit 10 append
 MAINIO> Residue topology file being read from unit  10.
 TITLE> * INTERFACE FF
 TITLE> * TOPOLOGY FOR NANOMATERIALS
 TITLE> *
*** WARNING **** residue TSHO already exists (old one deleted)

      ***** LEVEL  1 WARNING FROM <RTFRDR> *****
      ***** Residue already exists.
      ******************************************
      BOMLEV (  0) IS NOT REACHED. WRNLEV IS  5

          PRES TSHO17      -1.050
*** WARNING **** residue TSHO already exists (old one deleted)

      ***** LEVEL  1 WARNING FROM <RTFRDR> *****
      ***** Residue already exists.
      ******************************************
      BOMLEV (  0) IS NOT REACHED. WRNLEV IS  5

          PRES TSHO21      -1.050
 There were   2 warning(s) from RTFRDR.
  
 CHARMM>     
  
 CHARMM>    open read card unit 10 name toppar/par_interface.prm
 OPNLGU> Unit already open. The old file will be closed first.
 VCLOSE: Closing unit   10 with status "KEEP"
 VOPEN> Attempting to open::toppar/par_interface.prm::
 OPNLGU> Unit 10 opened for READONLY access to toppar/par_interface.prm
  
 CHARMM>    read para card unit 10 append flex

          PARAMETER FILE BEING READ FROM UNIT 10
 TITLE> * INTERFACE FF
 TITLE> * TOPOLOGY AND PARAMETER FOR CALY MINERALS, CEMENT MINERALS
 TITLE> *
 PARRDR> Error: Repeated DIHE parameter ( 32527): HGR6  ICG1  ICG1  ICGE is replaced
 PARMIO> NONBOND, HBOND lists and IMAGE atoms cleared.
  
 CHARMM>     
  
 CHARMM>    stream toppar/toppar_all36_nano_lig.str
 VOPEN> Attempting to open::toppar/toppar_all36_nano_lig.str::
 OPNLGU> Unit 98 opened for READONLY access to toppar/toppar_all36_nano_lig.str

                    INPUT STREAM SWITCHING TO UNIT    98
 RDTITL> READ RTF CARD APPEND
 RDTITL> No title read.
 Parameter: IN1 <- "" <empty>
  
 CHARMM>    read rtf card append
 MAINIO> Residue topology file being read from unit  98.
 RDTITL> * TOPOLOGY FOR NANO-LIGAND
 RDTITL> *
  
 CHARMM>     
  
 CHARMM>    read param card flex append

          PARAMETER FILE BEING READ FROM UNIT 98
 RDTITL> * SYNTHETIC POLYMER PARAMETER
 RDTITL> *
 PARRDR> Error: Repeated ANGLE parameter (  4668): CG30  CG32  CG32 is replaced
 PARRDR> Error: Repeated DIHE parameter ( 22579): CG30  CG32  CG32  SG31 is replaced
 PARRDR> Error: Repeated DIHE parameter ( 22919): CG30  CG32  CG32  HGA2 is replaced
 PARRDR> Error: Repeated DIHE parameter ( 22695): CG32  CG32  CG32  SG31 is replaced
 PARRDR> Error: Repeated DIHE parameter ( 22920): CG30  CG32  CG32  HGP5 is replaced
 PARRDR> Error: Repeated DIHE parameter ( 22916): CG30  CG32  CG32  NG3P is replaced
 PARRDR> Error: Repeated DIHE parameter ( 19712): CG2R  CG31  CG32  CG32 is replaced
 PARRDR> Error: Repeated DIHE parameter ( 22795): NG31  CG32  CG32  SG31 is replaced
 PARRDR> Error: Repeated DIHE parameter ( 22796): NG31  CG32  CG32  SG31 is replaced
 PARRDR> Error: Repeated DIHE parameter ( 22797): NG31  CG32  CG32  SG31 is replaced
 PARRDR> Error: Repeated DIHE parameter ( 22376): CG2D  CG32  CG32  CG32 is replaced
 PARRDR> Error: Repeated DIHE parameter ( 22377): CG2D  CG32  CG32  CG32 is replaced
 PARRDR> Error: Repeated DIHE parameter ( 22378): CG2D  CG32  CG32  CG32 is replaced
 PARRDR> Error: Repeated DIHE parameter ( 22376): CG2D  CG32  CG32  CG32 is replaced
 PARRDR> Error: Repeated DIHE parameter ( 22377): CG2D  CG32  CG32  CG32 is replaced
 PARRDR> Error: Repeated DIHE parameter ( 22378): CG2D  CG32  CG32  CG32 is replaced
 PARRDR> Error: Repeated DIHE parameter ( 22376): CG2D  CG32  CG32  CG32 is replaced
 PARRDR> Error: Repeated DIHE parameter ( 22377): CG2D  CG32  CG32  CG32 is replaced
 PARRDR> Error: Repeated DIHE parameter ( 22378): CG2D  CG32  CG32  CG32 is replaced
 PARRDR> Error: Repeated DIHE parameter ( 19868): CG33  CG31  CG32  CG32 is replaced
 PARRDR> Error: Repeated DIHE parameter ( 22393): CG2D  CG32  CG32  SG31 is replaced
 PARRDR> Error: Repeated DIHE parameter ( 22394): CG2D  CG32  CG32  SG31 is replaced
 PARRDR> Error: Repeated DIHE parameter ( 22395): CG2D  CG32  CG32  SG31 is replaced
 PARRDR> Error: Repeated DIHE parameter ( 18389): CG32  CG30  CG32  CG32 is replaced
 PARRDR> Error: Repeated DIHE parameter ( 18417): CG33  CG30  CG32  CG32 is replaced
 PARMIO> NONBOND, HBOND lists and IMAGE atoms cleared.
  
 CHARMM>    RETURN
 VCLOSE: Closing unit   98 with status "KEEP"

                    RETURNING TO INPUT STREAM    99
  
 CHARMM>    stream toppar/toppar_all36_nano_lig_patch.str
 VOPEN> Attempting to open::toppar/toppar_all36_nano_lig_patch.str::
 OPNLGU> Unit 98 opened for READONLY access to toppar/toppar_all36_nano_lig_patch.str

                    INPUT STREAM SWITCHING TO UNIT    98
 RDTITL> READ RTF CARD APPEND
 RDTITL> No title read.
 Parameter: IN1 <- "" <empty>
  
 CHARMM>    read rtf card append
 MAINIO> Residue topology file being read from unit  98.
 RDTITL> * TOPOLOGY FOR SYNTHETIC_POLYMER
 RDTITL> *
  
 CHARMM>    RETURN
 VCLOSE: Closing unit   98 with status "KEEP"

                    RETURNING TO INPUT STREAM    99
  
 CHARMM>     
  
 CHARMM>    ! Additional topologies and parameters for synthetic polymer
 CHARMM>    stream toppar/toppar_all36_synthetic_polymer.str
 VOPEN> Attempting to open::toppar/toppar_all36_synthetic_polymer.str::
 OPNLGU> Unit 98 opened for READONLY access to toppar/toppar_all36_synthetic_polymer.str

                    INPUT STREAM SWITCHING TO UNIT    98
 RDTITL> READ RTF CARD APPEND
 RDTITL> No title read.
 Parameter: IN1 <- "" <empty>
  
 CHARMM>    read rtf card append
 MAINIO> Residue topology file being read from unit  98.
 RDTITL> * TOPOLOGY FOR SYNTHETIC_POLYMER
 RDTITL> *
  
 CHARMM>     
  
 CHARMM>    read param card flex append

          PARAMETER FILE BEING READ FROM UNIT 98
 RDTITL> * SYNTHETIC POLYMER PARAMETER
 RDTITL> *
 PARRDR> Error: Repeated BOND parameter (  1190): CG30  NG2S is replaced
 PARRDR> Error: Repeated BOND parameter (   709): CG2O  CG30 is replaced
 PARRDR> Error: Repeated BOND parameter (   703): CG2O  CG2R is replaced
 PARRDR> Error: Repeated BOND parameter (  1192): CG30  NG31 is replaced
 PARRDR> Error: Repeated BOND parameter (  1238): CG31  NG31 is replaced
 PARRDR> Error: Repeated BOND parameter (   774): CG2O  CG30 is replaced
 PARRDR> Error: Repeated BOND parameter (  1257): CG31  CG31 is replaced
 PARRDR> Error: Repeated ANGLE parameter (  4699): CG31  CG32  NG32 is replaced
 PARRDR> Error: Repeated ANGLE parameter (  3954): CG2O  CG31  NG31 is replaced
 PARRDR> Error: Repeated ANGLE parameter (  4008): CG2O  CG31  CG32 is replaced
 PARRDR> Error: Repeated ANGLE parameter (  3839): CG33  CG30  NG31 is replaced
 PARRDR> Error: Repeated ANGLE parameter (  4010): CG2O  CG31  CG33 is replaced
 PARRDR> Error: Repeated ANGLE parameter (  4477): CG2D  CG32  CG30 is replaced
 PARRDR> Error: Repeated ANGLE parameter (  3837): CG33  CG30  NG2S is replaced
 PARRDR> Error: Repeated ANGLE parameter (  6736): CG31  NG2R  CG3C is replaced
 PARRDR> Error: Repeated ANGLE parameter (  3725): CG2O  CG30  CG33 is replaced
 PARRDR> Error: Repeated ANGLE parameter (  7053): CG30  NG2S  HGP1 is replaced
 PARRDR> Error: Repeated ANGLE parameter (  4256): NG31  CG31  OG31 is replaced
 PARRDR> Error: Repeated ANGLE parameter (  3956): CG2O  CG31  OG30 is replaced
 PARRDR> Error: Repeated ANGLE parameter (  4702): CG31  CG32  OG30 is replaced
 PARRDR> Error: Repeated ANGLE parameter (  4013): CG2O  CG31  NG31 is replaced
 PARRDR> Error: Repeated ANGLE parameter (  7499): CG30  OG30  CG32 is replaced
 PARRDR> Error: Repeated ANGLE parameter (  4546): CG2O  CG32  OG30 is replaced
 PARRDR> Error: Repeated ANGLE parameter (  2004): CG2R  CG2O  OG2D is replaced
 PARRDR> Error: Repeated ANGLE parameter (  7020): CG2O  NG2S  CG30 is replaced
 PARRDR> Error: Repeated ANGLE parameter (  7197): CG30  NG31  HGPA is replaced
 PARRDR> Error: Repeated ANGLE parameter (  2178): CG31  CG2O  CG33 is replaced
 PARRDR> Error: Repeated ANGLE parameter (  3805): CG32  CG30  NG2S is replaced
 PARRDR> Error: Repeated ANGLE parameter (  4545): CG2O  CG32  NG31 is replaced
 PARRDR> Error: Repeated ANGLE parameter (  7204): CG31  NG31  HGPA is replaced
 PARRDR> Error: Repeated ANGLE parameter (  4489): CG2D  CG32  OG30 is replaced
 PARRDR> Error: Repeated ANGLE parameter (  7195): CG30  NG31  CG32 is replaced
 PARRDR> Error: Repeated ANGLE parameter (  4534): CG2O  CG32  CG30 is replaced
 PARRDR> Error: Repeated ANGLE parameter (  3724): CG2O  CG30  CG32 is replaced
 PARRDR> Error: Repeated ANGLE parameter (  2005): CG2R  CG2O  OG31 is replaced
 PARRDR> Error: Repeated ANGLE parameter (  4749): CG32  CG32  NG2R is replaced
 PARRDR> Error: Repeated ANGLE parameter (  2275): CG2O  CG2R  CG2R is replaced
 PARRDR> Error: Repeated ANGLE parameter (  2022): CG30  CG2O  OG2D is replaced
 PARRDR> Error: Repeated ANGLE parameter (  4257): NG31  CG31  HGA1 is replaced
 PARRDR> Error: Repeated ANGLE parameter (  4201): CG33  CG31  NG31 is replaced
 PARRDR> Error: Repeated ANGLE parameter (  4064): CG2R  CG31  NG31 is replaced
 PARRDR> Error: Repeated ANGLE parameter (  7200): CG31  NG31  CG32 is replaced
 PARRDR> Error: Repeated ANGLE parameter (  3806): CG32  CG30  NG31 is replaced
 PARRDR> Error: Repeated ANGLE parameter (  4158): CG32  CG31  NG31 is replaced
 PARRDR> Error: Repeated ANGLE parameter (  2177): CG31  CG2O  CG32 is replaced
 PARRDR> Error: Repeated ANGLE parameter (  3737): CG2O  CG30  CG33 is replaced
 PARRDR> Error: Repeated ANGLE parameter (  2175): CG30  CG2O  OG2D is replaced
 PARRDR> Error: Repeated ANGLE parameter (  2172): CG30  CG2O  CG32 is replaced
 PARRDR> Error: Repeated ANGLE parameter (  2151): CG2O  CG2O  CG32 is replaced
 PARRDR> Error: Repeated ANGLE parameter (  4476): CG2D  CG32  CG2O is replaced
 PARRDR> Error: Repeated ANGLE parameter (  7013): CG2O  NG2S  CG2O is replaced
 PARRDR> Error: Repeated ANGLE parameter (  4530): CG2O  CG32  CG2O is replaced
 PARRDR> Error: Repeated ANGLE parameter (  4583): CG2O  CG32  CG31 is replaced
 PARRDR> Error: Repeated ANGLE parameter (  4002): CG2O  CG31  CG2O is replaced
 PARRDR> Error: Repeated ANGLE parameter (  3736): CG2O  CG30  CG32 is replaced
 PARRDR> Error: Repeated ANGLE parameter (  4003): CG2O  CG31  CG2R is replaced
 PARRDR> Error: Repeated ANGLE parameter (  3978): CG2O  CG31  CG2O is replaced
 PARRDR> Error: Repeated ANGLE parameter (  3943): CG2O  CG31  CG2O is replaced
 PARRDR> Error: Repeated ANGLE parameter (  4011): CG2O  CG31  NG2R is replaced
 PARRDR> Error: Repeated ANGLE parameter (  3962): CG2O  CG31  CG2O is replaced
 PARRDR> Error: Repeated ANGLE parameter (  4698): CG31  CG32  NG31 is replaced
 PARRDR> Error: Repeated ANGLE parameter (  4674): CG30  CG32  NG31 is replaced
 PARRDR> Error: Repeated ANGLE parameter (  3723): CG2O  CG30  CG31 is replaced
 PARRDR> Error: Repeated ANGLE parameter (  3812): CG32  CG30  OG31 is replaced
 PARRDR> Error: Repeated ANGLE parameter (  4006): CG2O  CG31  CG31 is replaced
 PARRDR> Error: Repeated ANGLE parameter (  4054): CG2R  CG31  CG31 is replaced
 PARRDR> Error: Repeated ANGLE parameter (  4676): CG30  CG32  OG31 is replaced
 PARRDR> Error: Repeated ANGLE parameter (  4926): CG32  CG32  CG33 is replaced
 PARRDR> Error: Repeated ANGLE parameter (  4925): CG32  CG32  CG32 is replaced
 PARRDR> Error: Repeated ANGLE parameter (  4311): CG31  CG31  FGA2 is replaced
 PARRDR> Error: Repeated ANGLE parameter (  3728): CG2O  CG30  CG32 is replaced
 PARRDR> Error: Repeated ANGLE parameter (  2023): CG30  CG2O  OG31 is replaced
 PARRDR> Error: Repeated ANGLE parameter (  3727): CG2O  CG30  CG2O is replaced
 PARRDR> Error: Repeated ANGLE parameter (  4186): CG32  CG31  NG31 is replaced
 PARRDR> Error: Repeated ANGLE parameter (  4102): CG31  CG31  CG32 is replaced
 PARRDR> Error: Repeated ANGLE parameter (  4009): CG2O  CG31  CG32 is replaced
 PARRDR> Error: Repeated ANGLE parameter (  4582): CG2O  CG32  CG30 is replaced
 PARRDR> Error: Repeated ANGLE parameter (  4672): CG30  CG32  NG2S is replaced
 PARRDR> Error: Repeated DIHE parameter ( 19844): CG32  CG31  CG32  CG31 is replaced
 PARRDR> Error: Repeated DIHE parameter ( 19822): CG32  CG31  CG32  NG32 is replaced
 PARRDR> Error: Repeated DIHE parameter ( 20218): HGA1  CG31  CG32  NG32 is replaced
 PARRDR> Error: Repeated DIHE parameter ( 24359): CG31  CG32  NG32  HGPA is replaced
 PARRDR> Error: Repeated DIHE parameter ( 12727): CG3C  CG2R  NG2R  CG31 is replaced
 PARRDR> Error: Repeated DIHE parameter ( 24397): CG2O  CG32  OG30  CG32 is replaced
 PARRDR> Error: Repeated DIHE parameter ( 24398): CG2O  CG32  OG30  CG32 is replaced
 PARRDR> Error: Repeated DIHE parameter ( 24399): CG2O  CG32  OG30  CG32 is replaced
 PARRDR> Error: Repeated DIHE parameter ( 21269): HGA1  CG31  NG31  HGPA is replaced
 PARRDR> Error: Repeated DIHE parameter ( 22546): CG2R  CG32  CG32  CG30 is replaced
 PARRDR> Error: Repeated DIHE parameter ( 21346): CG32  CG31  OG30  CG32 is replaced
 PARRDR> Error: Repeated DIHE parameter ( 21347): CG32  CG31  OG30  CG32 is replaced
 PARRDR> Error: Repeated DIHE parameter ( 21346): CG32  CG31  OG30  CG32 is replaced
 PARRDR> Error: Repeated DIHE parameter ( 21347): CG32  CG31  OG30  CG32 is replaced
 PARRDR> Error: Repeated DIHE parameter (  8768): OG2D  CG2O  CG31  NG31 is replaced
 PARRDR> Error: Repeated DIHE parameter (  7774): OG2D  CG2O  NG2S  CG30 is replaced
 PARRDR> Error: Repeated DIHE parameter ( 24338): HGA2  CG32  NG31  CG30 is replaced
 PARRDR> Error: Repeated DIHE parameter (  3574): CG2D  CG2D  CG32  OG30 is replaced
 PARRDR> Error: Repeated DIHE parameter (  3575): CG2D  CG2D  CG32  OG30 is replaced
 PARRDR> Error: Repeated DIHE parameter (  3576): CG2D  CG2D  CG32  OG30 is replaced
 PARRDR> Error: Repeated DIHE parameter (  3577): CG2D  CG2D  CG32  OG30 is replaced
 PARRDR> Error: Repeated DIHE parameter (  3574): CG2D  CG2D  CG32  OG30 is replaced
 PARRDR> Error: Repeated DIHE parameter (  3575): CG2D  CG2D  CG32  OG30 is replaced
 PARRDR> Error: Repeated DIHE parameter (  3576): CG2D  CG2D  CG32  OG30 is replaced
 PARRDR> Error: Repeated DIHE parameter (  3577): CG2D  CG2D  CG32  OG30 is replaced
 PARRDR> Error: Repeated DIHE parameter (  3574): CG2D  CG2D  CG32  OG30 is replaced
 PARRDR> Error: Repeated DIHE parameter (  3575): CG2D  CG2D  CG32  OG30 is replaced
 PARRDR> Error: Repeated DIHE parameter (  3576): CG2D  CG2D  CG32  OG30 is replaced
 PARRDR> Error: Repeated DIHE parameter (  3577): CG2D  CG2D  CG32  OG30 is replaced
 PARRDR> Error: Repeated DIHE parameter ( 20041): OG31  CG31  CG32  CG30 is replaced
 PARRDR> Error: Repeated DIHE parameter ( 20042): OG31  CG31  CG32  CG30 is replaced
 PARRDR> Error: Repeated DIHE parameter ( 20043): OG31  CG31  CG32  CG30 is replaced
 PARRDR> Error: Repeated DIHE parameter ( 20041): OG31  CG31  CG32  CG30 is replaced
 PARRDR> Error: Repeated DIHE parameter ( 20042): OG31  CG31  CG32  CG30 is replaced
 PARRDR> Error: Repeated DIHE parameter ( 20043): OG31  CG31  CG32  CG30 is replaced
 PARRDR> Error: Repeated DIHE parameter ( 20041): OG31  CG31  CG32  CG30 is replaced
 PARRDR> Error: Repeated DIHE parameter ( 20042): OG31  CG31  CG32  CG30 is replaced
 PARRDR> Error: Repeated DIHE parameter ( 20043): OG31  CG31  CG32  CG30 is replaced
 PARRDR> Error: Repeated DIHE parameter ( 19855): CG33  CG31  CG32  CG2D is replaced
 PARRDR> Error: Repeated DIHE parameter ( 18386): CG32  CG30  CG32  CG30 is replaced
 PARRDR> Error: Repeated DIHE parameter ( 21179): CG32  CG31  NG31  CG32 is replaced
 PARRDR> Error: Repeated DIHE parameter ( 21180): CG32  CG31  NG31  CG32 is replaced
 PARRDR> Error: Repeated DIHE parameter ( 21181): CG32  CG31  NG31  CG32 is replaced
 PARRDR> Error: Repeated DIHE parameter ( 21179): CG32  CG31  NG31  CG32 is replaced
 PARRDR> Error: Repeated DIHE parameter ( 21180): CG32  CG31  NG31  CG32 is replaced
 PARRDR> Error: Repeated DIHE parameter ( 21181): CG32  CG31  NG31  CG32 is replaced
 PARRDR> Error: Repeated DIHE parameter ( 21179): CG32  CG31  NG31  CG32 is replaced
 PARRDR> Error: Repeated DIHE parameter ( 21180): CG32  CG31  NG31  CG32 is replaced
 PARRDR> Error: Repeated DIHE parameter ( 21181): CG32  CG31  NG31  CG32 is replaced
 PARRDR> Error: Repeated DIHE parameter ( 24232): CG32  CG32  NG31  CG30 is replaced
 PARRDR> Error: Repeated DIHE parameter ( 24233): CG32  CG32  NG31  CG30 is replaced
 PARRDR> Error: Repeated DIHE parameter ( 24234): CG32  CG32  NG31  CG30 is replaced
 PARRDR> Error: Repeated DIHE parameter ( 24232): CG32  CG32  NG31  CG30 is replaced
 PARRDR> Error: Repeated DIHE parameter ( 24233): CG32  CG32  NG31  CG30 is replaced
 PARRDR> Error: Repeated DIHE parameter ( 24234): CG32  CG32  NG31  CG30 is replaced
 PARRDR> Error: Repeated DIHE parameter ( 24232): CG32  CG32  NG31  CG30 is replaced
 PARRDR> Error: Repeated DIHE parameter ( 24233): CG32  CG32  NG31  CG30 is replaced
 PARRDR> Error: Repeated DIHE parameter ( 24234): CG32  CG32  NG31  CG30 is replaced
 PARRDR> Error: Repeated DIHE parameter ( 22651): CG32  CG32  CG32  NG2R is replaced
 PARRDR> Error: Repeated DIHE parameter ( 21208): CG33  CG31  NG31  CG32 is replaced
 PARRDR> Error: Repeated DIHE parameter ( 21209): CG33  CG31  NG31  CG32 is replaced
 PARRDR> Error: Repeated DIHE parameter ( 21210): CG33  CG31  NG31  CG32 is replaced
 PARRDR> Error: Repeated DIHE parameter ( 21208): CG33  CG31  NG31  CG32 is replaced
 PARRDR> Error: Repeated DIHE parameter ( 21209): CG33  CG31  NG31  CG32 is replaced
 PARRDR> Error: Repeated DIHE parameter ( 21210): CG33  CG31  NG31  CG32 is replaced
 PARRDR> Error: Repeated DIHE parameter ( 21208): CG33  CG31  NG31  CG32 is replaced
 PARRDR> Error: Repeated DIHE parameter ( 21209): CG33  CG31  NG31  CG32 is replaced
 PARRDR> Error: Repeated DIHE parameter ( 21210): CG33  CG31  NG31  CG32 is replaced
 PARRDR> Error: Repeated DIHE parameter (  3676): HGA4  CG2D  CG32  OG30 is replaced
 PARRDR> Error: Repeated DIHE parameter (  3677): HGA4  CG2D  CG32  OG30 is replaced
 PARRDR> Error: Repeated DIHE parameter ( 21114): CG2O  CG31  NG31  CG32 is replaced
 PARRDR> Error: Repeated DIHE parameter ( 21115): CG2O  CG31  NG31  CG32 is replaced
 PARRDR> Error: Repeated DIHE parameter ( 21116): CG2O  CG31  NG31  CG32 is replaced
 PARRDR> Error: Repeated DIHE parameter ( 21114): CG2O  CG31  NG31  CG32 is replaced
 PARRDR> Error: Repeated DIHE parameter ( 21115): CG2O  CG31  NG31  CG32 is replaced
 PARRDR> Error: Repeated DIHE parameter ( 21116): CG2O  CG31  NG31  CG32 is replaced
 PARRDR> Error: Repeated DIHE parameter ( 21114): CG2O  CG31  NG31  CG32 is replaced
 PARRDR> Error: Repeated DIHE parameter ( 21115): CG2O  CG31  NG31  CG32 is replaced
 PARRDR> Error: Repeated DIHE parameter ( 21116): CG2O  CG31  NG31  CG32 is replaced
 PARRDR> Error: Repeated DIHE parameter ( 18919): CG33  CG30  OG30  CG32 is replaced
 PARRDR> Error: Repeated DIHE parameter ( 18920): CG33  CG30  OG30  CG32 is replaced
 PARRDR> Error: Repeated DIHE parameter ( 18919): CG33  CG30  OG30  CG32 is replaced
 PARRDR> Error: Repeated DIHE parameter ( 18920): CG33  CG30  OG30  CG32 is replaced
 PARRDR> Error: Repeated DIHE parameter ( 18860): CG32  CG30  NG31  HGPA is replaced
 PARRDR> Error: Repeated DIHE parameter ( 18861): CG32  CG30  NG31  HGPA is replaced
 PARRDR> Error: Repeated DIHE parameter ( 18390): CG32  CG30  CG32  CG33 is replaced
 PARRDR> Error: Repeated DIHE parameter (  9086): CG31  CG2O  CG33  HGA3 is replaced
 PARRDR> Error: Repeated DIHE parameter (  8069): CG2R  CG2O  OG30  CG32 is replaced
 PARRDR> Error: Repeated DIHE parameter (  8070): CG2R  CG2O  OG30  CG32 is replaced
 PARRDR> Error: Repeated DIHE parameter (  8071): CG2R  CG2O  OG30  CG32 is replaced
 PARRDR> Error: Repeated DIHE parameter (  8069): CG2R  CG2O  OG30  CG32 is replaced
 PARRDR> Error: Repeated DIHE parameter (  8070): CG2R  CG2O  OG30  CG32 is replaced
 PARRDR> Error: Repeated DIHE parameter (  8071): CG2R  CG2O  OG30  CG32 is replaced
 PARRDR> Error: Repeated DIHE parameter (  8069): CG2R  CG2O  OG30  CG32 is replaced
 PARRDR> Error: Repeated DIHE parameter (  8070): CG2R  CG2O  OG30  CG32 is replaced
 PARRDR> Error: Repeated DIHE parameter (  8071): CG2R  CG2O  OG30  CG32 is replaced
 PARRDR> Error: Repeated DIHE parameter ( 22486): CG2O  CG32  CG32  CG30 is replaced
 PARRDR> Error: Repeated DIHE parameter ( 22487): CG2O  CG32  CG32  CG30 is replaced
 PARRDR> Error: Repeated DIHE parameter ( 22488): CG2O  CG32  CG32  CG30 is replaced
 PARRDR> Error: Repeated DIHE parameter ( 22489): CG2O  CG32  CG32  CG30 is replaced
 PARRDR> Error: Repeated DIHE parameter ( 22490): CG2O  CG32  CG32  CG30 is replaced
 PARRDR> Error: Repeated DIHE parameter ( 22486): CG2O  CG32  CG32  CG30 is replaced
 PARRDR> Error: Repeated DIHE parameter ( 22487): CG2O  CG32  CG32  CG30 is replaced
 PARRDR> Error: Repeated DIHE parameter ( 22488): CG2O  CG32  CG32  CG30 is replaced
 PARRDR> Error: Repeated DIHE parameter ( 22489): CG2O  CG32  CG32  CG30 is replaced
 PARRDR> Error: Repeated DIHE parameter ( 22490): CG2O  CG32  CG32  CG30 is replaced
 PARRDR> Error: Repeated DIHE parameter ( 22486): CG2O  CG32  CG32  CG30 is replaced
 PARRDR> Error: Repeated DIHE parameter ( 22487): CG2O  CG32  CG32  CG30 is replaced
 PARRDR> Error: Repeated DIHE parameter ( 22488): CG2O  CG32  CG32  CG30 is replaced
 PARRDR> Error: Repeated DIHE parameter ( 22489): CG2O  CG32  CG32  CG30 is replaced
 PARRDR> Error: Repeated DIHE parameter ( 22490): CG2O  CG32  CG32  CG30 is replaced
 PARRDR> Error: Repeated DIHE parameter ( 22486): CG2O  CG32  CG32  CG30 is replaced
 PARRDR> Error: Repeated DIHE parameter ( 22487): CG2O  CG32  CG32  CG30 is replaced
 PARRDR> Error: Repeated DIHE parameter ( 22488): CG2O  CG32  CG32  CG30 is replaced
 PARRDR> Error: Repeated DIHE parameter ( 22489): CG2O  CG32  CG32  CG30 is replaced
 PARRDR> Error: Repeated DIHE parameter ( 22490): CG2O  CG32  CG32  CG30 is replaced
 PARRDR> Error: Repeated DIHE parameter ( 22486): CG2O  CG32  CG32  CG30 is replaced
 PARRDR> Error: Repeated DIHE parameter ( 22487): CG2O  CG32  CG32  CG30 is replaced
 PARRDR> Error: Repeated DIHE parameter ( 22488): CG2O  CG32  CG32  CG30 is replaced
 PARRDR> Error: Repeated DIHE parameter ( 22489): CG2O  CG32  CG32  CG30 is replaced
 PARRDR> Error: Repeated DIHE parameter ( 22490): CG2O  CG32  CG32  CG30 is replaced
 PARRDR> Error: Repeated DIHE parameter ( 19930): NG2R  CG31  CG32  CG32 is replaced
 PARRDR> Error: Repeated DIHE parameter ( 21117): CG2O  CG31  NG31  HGPA is replaced
 PARRDR> Error: Repeated DIHE parameter ( 21118): CG2O  CG31  NG31  HGPA is replaced
 PARRDR> Error: Repeated DIHE parameter ( 21119): CG2O  CG31  NG31  HGPA is replaced
 PARRDR> Error: Repeated DIHE parameter ( 18472): NG31  CG30  CG32  CG31 is replaced
 PARRDR> Error: Repeated DIHE parameter ( 24414): CG31  CG32  OG30  CG32 is replaced
 PARRDR> Error: Repeated DIHE parameter ( 24415): CG31  CG32  OG30  CG32 is replaced
 PARRDR> Error: Repeated DIHE parameter ( 24416): CG31  CG32  OG30  CG32 is replaced
 PARRDR> Error: Repeated DIHE parameter ( 24414): CG31  CG32  OG30  CG32 is replaced
 PARRDR> Error: Repeated DIHE parameter ( 24415): CG31  CG32  OG30  CG32 is replaced
 PARRDR> Error: Repeated DIHE parameter ( 24416): CG31  CG32  OG30  CG32 is replaced
 PARRDR> Error: Repeated DIHE parameter ( 24414): CG31  CG32  OG30  CG32 is replaced
 PARRDR> Error: Repeated DIHE parameter ( 24415): CG31  CG32  OG30  CG32 is replaced
 PARRDR> Error: Repeated DIHE parameter ( 24416): CG31  CG32  OG30  CG32 is replaced
 PARRDR> Error: Repeated DIHE parameter (  3550): CG2D  CG2D  CG32  CG30 is replaced
 PARRDR> Error: Repeated DIHE parameter (  3551): CG2D  CG2D  CG32  CG30 is replaced
 PARRDR> Error: Repeated DIHE parameter (  3550): CG2D  CG2D  CG32  CG30 is replaced
 PARRDR> Error: Repeated DIHE parameter (  3551): CG2D  CG2D  CG32  CG30 is replaced
 PARRDR> Error: Repeated DIHE parameter (  8717): CG33  CG2O  CG31  CG32 is replaced
 PARRDR> Error: Repeated DIHE parameter (  8718): CG33  CG2O  CG31  CG32 is replaced
 PARRDR> Error: Repeated DIHE parameter (  8719): CG33  CG2O  CG31  CG32 is replaced
 PARRDR> Error: Repeated DIHE parameter (  8720): CG33  CG2O  CG31  CG32 is replaced
 PARRDR> Error: Repeated DIHE parameter (  8717): CG33  CG2O  CG31  CG32 is replaced
 PARRDR> Error: Repeated DIHE parameter (  8718): CG33  CG2O  CG31  CG32 is replaced
 PARRDR> Error: Repeated DIHE parameter (  8719): CG33  CG2O  CG31  CG32 is replaced
 PARRDR> Error: Repeated DIHE parameter (  8720): CG33  CG2O  CG31  CG32 is replaced
 PARRDR> Error: Repeated DIHE parameter (  8717): CG33  CG2O  CG31  CG32 is replaced
 PARRDR> Error: Repeated DIHE parameter (  8718): CG33  CG2O  CG31  CG32 is replaced
 PARRDR> Error: Repeated DIHE parameter (  8719): CG33  CG2O  CG31  CG32 is replaced
 PARRDR> Error: Repeated DIHE parameter (  8720): CG33  CG2O  CG31  CG32 is replaced
 PARRDR> Error: Repeated DIHE parameter (  8717): CG33  CG2O  CG31  CG32 is replaced
 PARRDR> Error: Repeated DIHE parameter (  8718): CG33  CG2O  CG31  CG32 is replaced
 PARRDR> Error: Repeated DIHE parameter (  8719): CG33  CG2O  CG31  CG32 is replaced
 PARRDR> Error: Repeated DIHE parameter (  8720): CG33  CG2O  CG31  CG32 is replaced
 PARRDR> Error: Repeated DIHE parameter ( 24486): HGA2  CG32  OG30  CG30 is replaced
 PARRDR> Error: Repeated DIHE parameter ( 24426): CG32  CG32  OG30  CG30 is replaced
 PARRDR> Error: Repeated DIHE parameter ( 24427): CG32  CG32  OG30  CG30 is replaced
 PARRDR> Error: Repeated DIHE parameter ( 24428): CG32  CG32  OG30  CG30 is replaced
 PARRDR> Error: Repeated DIHE parameter ( 24426): CG32  CG32  OG30  CG30 is replaced
 PARRDR> Error: Repeated DIHE parameter ( 24427): CG32  CG32  OG30  CG30 is replaced
 PARRDR> Error: Repeated DIHE parameter ( 24428): CG32  CG32  OG30  CG30 is replaced
 PARRDR> Error: Repeated DIHE parameter ( 24426): CG32  CG32  OG30  CG30 is replaced
 PARRDR> Error: Repeated DIHE parameter ( 24427): CG32  CG32  OG30  CG30 is replaced
 PARRDR> Error: Repeated DIHE parameter ( 24428): CG32  CG32  OG30  CG30 is replaced
 PARRDR> Error: Repeated DIHE parameter ( 24241): CG32  CG32  NG31  CG32 is replaced
 PARRDR> Error: Repeated DIHE parameter ( 24242): CG32  CG32  NG31  CG32 is replaced
 PARRDR> Error: Repeated DIHE parameter ( 24243): CG32  CG32  NG31  CG32 is replaced
 PARRDR> Error: Repeated DIHE parameter ( 24241): CG32  CG32  NG31  CG32 is replaced
 PARRDR> Error: Repeated DIHE parameter ( 24242): CG32  CG32  NG31  CG32 is replaced
 PARRDR> Error: Repeated DIHE parameter ( 24243): CG32  CG32  NG31  CG32 is replaced
 PARRDR> Error: Repeated DIHE parameter ( 24241): CG32  CG32  NG31  CG32 is replaced
 PARRDR> Error: Repeated DIHE parameter ( 24242): CG32  CG32  NG31  CG32 is replaced
 PARRDR> Error: Repeated DIHE parameter ( 24243): CG32  CG32  NG31  CG32 is replaced
 PARRDR> Error: Repeated DIHE parameter ( 21374): HGA1  CG31  OG30  CG32 is replaced
 PARRDR> Error: Repeated DIHE parameter ( 18474): NG31  CG30  CG32  HGA2 is replaced
 PARRDR> Error: Repeated DIHE parameter ( 20004): NG31  CG31  CG32  HGA2 is replaced
 PARRDR> Error: Repeated DIHE parameter ( 19864): CG33  CG31  CG32  CG30 is replaced
 PARRDR> Error: Repeated DIHE parameter ( 21255): OG31  CG31  NG31  HGPA is replaced
 PARRDR> Error: Repeated DIHE parameter ( 21256): OG31  CG31  NG31  HGPA is replaced
 PARRDR> Error: Repeated DIHE parameter ( 21255): OG31  CG31  NG31  HGPA is replaced
 PARRDR> Error: Repeated DIHE parameter ( 21256): OG31  CG31  NG31  HGPA is replaced
 PARRDR> Error: Repeated DIHE parameter (  6953): OG2D  CG2O  CG31  OG30 is replaced
 PARRDR> Error: Repeated DIHE parameter (  6954): OG2D  CG2O  CG31  OG30 is replaced
 PARRDR> Error: Repeated DIHE parameter ( 22491): CG2O  CG32  CG32  CG31 is replaced
 PARRDR> Error: Repeated DIHE parameter ( 22492): CG2O  CG32  CG32  CG31 is replaced
 PARRDR> Error: Repeated DIHE parameter ( 22493): CG2O  CG32  CG32  CG31 is replaced
 PARRDR> Error: Repeated DIHE parameter ( 22494): CG2O  CG32  CG32  CG31 is replaced
 PARRDR> Error: Repeated DIHE parameter ( 22495): CG2O  CG32  CG32  CG31 is replaced
 PARRDR> Error: Repeated DIHE parameter ( 22491): CG2O  CG32  CG32  CG31 is replaced
 PARRDR> Error: Repeated DIHE parameter ( 22492): CG2O  CG32  CG32  CG31 is replaced
 PARRDR> Error: Repeated DIHE parameter ( 22493): CG2O  CG32  CG32  CG31 is replaced
 PARRDR> Error: Repeated DIHE parameter ( 22494): CG2O  CG32  CG32  CG31 is replaced
 PARRDR> Error: Repeated DIHE parameter ( 22495): CG2O  CG32  CG32  CG31 is replaced
 PARRDR> Error: Repeated DIHE parameter ( 22491): CG2O  CG32  CG32  CG31 is replaced
 PARRDR> Error: Repeated DIHE parameter ( 22492): CG2O  CG32  CG32  CG31 is replaced
 PARRDR> Error: Repeated DIHE parameter ( 22493): CG2O  CG32  CG32  CG31 is replaced
 PARRDR> Error: Repeated DIHE parameter ( 22494): CG2O  CG32  CG32  CG31 is replaced
 PARRDR> Error: Repeated DIHE parameter ( 22495): CG2O  CG32  CG32  CG31 is replaced
 PARRDR> Error: Repeated DIHE parameter ( 22491): CG2O  CG32  CG32  CG31 is replaced
 PARRDR> Error: Repeated DIHE parameter ( 22492): CG2O  CG32  CG32  CG31 is replaced
 PARRDR> Error: Repeated DIHE parameter ( 22493): CG2O  CG32  CG32  CG31 is replaced
 PARRDR> Error: Repeated DIHE parameter ( 22494): CG2O  CG32  CG32  CG31 is replaced
 PARRDR> Error: Repeated DIHE parameter ( 22495): CG2O  CG32  CG32  CG31 is replaced
 PARRDR> Error: Repeated DIHE parameter ( 22491): CG2O  CG32  CG32  CG31 is replaced
 PARRDR> Error: Repeated DIHE parameter ( 22492): CG2O  CG32  CG32  CG31 is replaced
 PARRDR> Error: Repeated DIHE parameter ( 22493): CG2O  CG32  CG32  CG31 is replaced
 PARRDR> Error: Repeated DIHE parameter ( 22494): CG2O  CG32  CG32  CG31 is replaced
 PARRDR> Error: Repeated DIHE parameter ( 22495): CG2O  CG32  CG32  CG31 is replaced
 PARRDR> Error: Repeated DIHE parameter ( 21130): CG2R  CG31  NG31  CG32 is replaced
 PARRDR> Error: Repeated DIHE parameter ( 21131): CG2R  CG31  NG31  CG32 is replaced
 PARRDR> Error: Repeated DIHE parameter ( 21132): CG2R  CG31  NG31  CG32 is replaced
 PARRDR> Error: Repeated DIHE parameter ( 21130): CG2R  CG31  NG31  CG32 is replaced
 PARRDR> Error: Repeated DIHE parameter ( 21131): CG2R  CG31  NG31  CG32 is replaced
 PARRDR> Error: Repeated DIHE parameter ( 21132): CG2R  CG31  NG31  CG32 is replaced
 PARRDR> Error: Repeated DIHE parameter ( 21130): CG2R  CG31  NG31  CG32 is replaced
 PARRDR> Error: Repeated DIHE parameter ( 21131): CG2R  CG31  NG31  CG32 is replaced
 PARRDR> Error: Repeated DIHE parameter ( 21132): CG2R  CG31  NG31  CG32 is replaced
 PARRDR> Error: Repeated DIHE parameter ( 18815): CG33  CG30  NG2S  HGP1 is replaced
 PARRDR> Error: Repeated DIHE parameter (  8761): OG2D  CG2O  CG31  CG33 is replaced
 PARRDR> Error: Repeated DIHE parameter (  8762): OG2D  CG2O  CG31  CG33 is replaced
 PARRDR> Error: Repeated DIHE parameter (  8763): OG2D  CG2O  CG31  CG33 is replaced
 PARRDR> Error: Repeated DIHE parameter (  8764): OG2D  CG2O  CG31  CG33 is replaced
 PARRDR> Error: Repeated DIHE parameter (  8761): OG2D  CG2O  CG31  CG33 is replaced
 PARRDR> Error: Repeated DIHE parameter (  8762): OG2D  CG2O  CG31  CG33 is replaced
 PARRDR> Error: Repeated DIHE parameter (  8763): OG2D  CG2O  CG31  CG33 is replaced
 PARRDR> Error: Repeated DIHE parameter (  8764): OG2D  CG2O  CG31  CG33 is replaced
 PARRDR> Error: Repeated DIHE parameter (  8761): OG2D  CG2O  CG31  CG33 is replaced
 PARRDR> Error: Repeated DIHE parameter (  8762): OG2D  CG2O  CG31  CG33 is replaced
 PARRDR> Error: Repeated DIHE parameter (  8763): OG2D  CG2O  CG31  CG33 is replaced
 PARRDR> Error: Repeated DIHE parameter (  8764): OG2D  CG2O  CG31  CG33 is replaced
 PARRDR> Error: Repeated DIHE parameter (  8761): OG2D  CG2O  CG31  CG33 is replaced
 PARRDR> Error: Repeated DIHE parameter (  8762): OG2D  CG2O  CG31  CG33 is replaced
 PARRDR> Error: Repeated DIHE parameter (  8763): OG2D  CG2O  CG31  CG33 is replaced
 PARRDR> Error: Repeated DIHE parameter (  8764): OG2D  CG2O  CG31  CG33 is replaced
 PARRDR> Error: Repeated DIHE parameter ( 22455): CG2O  CG32  CG32  NG31 is replaced
 PARRDR> Error: Repeated DIHE parameter ( 22456): CG2O  CG32  CG32  NG31 is replaced
 PARRDR> Error: Repeated DIHE parameter ( 22457): CG2O  CG32  CG32  NG31 is replaced
 PARRDR> Error: Repeated DIHE parameter ( 22458): CG2O  CG32  CG32  NG31 is replaced
 PARRDR> Error: Repeated DIHE parameter ( 18470): NG31  CG30  CG32  CG30 is replaced
 PARRDR> Error: Repeated DIHE parameter ( 18471): NG31  CG30  CG32  CG30 is replaced
 PARRDR> Error: Repeated DIHE parameter ( 24147): CG2O  CG32  NG31  CG32 is replaced
 PARRDR> Error: Repeated DIHE parameter ( 24148): CG2O  CG32  NG31  CG32 is replaced
 PARRDR> Error: Repeated DIHE parameter ( 24149): CG2O  CG32  NG31  CG32 is replaced
 PARRDR> Error: Repeated DIHE parameter ( 24147): CG2O  CG32  NG31  CG32 is replaced
 PARRDR> Error: Repeated DIHE parameter ( 24148): CG2O  CG32  NG31  CG32 is replaced
 PARRDR> Error: Repeated DIHE parameter ( 24149): CG2O  CG32  NG31  CG32 is replaced
 PARRDR> Error: Repeated DIHE parameter ( 24147): CG2O  CG32  NG31  CG32 is replaced
 PARRDR> Error: Repeated DIHE parameter ( 24148): CG2O  CG32  NG31  CG32 is replaced
 PARRDR> Error: Repeated DIHE parameter ( 24149): CG2O  CG32  NG31  CG32 is replaced
 PARRDR> Error: Repeated DIHE parameter ( 22547): CG2R  CG32  CG32  CG31 is replaced
 PARRDR> Error: Repeated DIHE parameter ( 24429): CG32  CG32  OG30  CG31 is replaced
 PARRDR> Error: Repeated DIHE parameter ( 24430): CG32  CG32  OG30  CG31 is replaced
 PARRDR> Error: Repeated DIHE parameter ( 24431): CG32  CG32  OG30  CG31 is replaced
 PARRDR> Error: Repeated DIHE parameter ( 24429): CG32  CG32  OG30  CG31 is replaced
 PARRDR> Error: Repeated DIHE parameter ( 24430): CG32  CG32  OG30  CG31 is replaced
 PARRDR> Error: Repeated DIHE parameter ( 24431): CG32  CG32  OG30  CG31 is replaced
 PARRDR> Error: Repeated DIHE parameter ( 24429): CG32  CG32  OG30  CG31 is replaced
 PARRDR> Error: Repeated DIHE parameter ( 24430): CG32  CG32  OG30  CG31 is replaced
 PARRDR> Error: Repeated DIHE parameter ( 24431): CG32  CG32  OG30  CG31 is replaced
 PARRDR> Error: Repeated DIHE parameter ( 20221): HGA1  CG31  CG32  OG30 is replaced
 PARRDR> Error: Repeated DIHE parameter ( 22813): OG30  CG32  CG32  OG30 is replaced
 PARRDR> Error: Repeated DIHE parameter ( 22814): OG30  CG32  CG32  OG30 is replaced
 PARRDR> Error: Repeated DIHE parameter ( 22813): OG30  CG32  CG32  OG30 is replaced
 PARRDR> Error: Repeated DIHE parameter ( 22814): OG30  CG32  CG32  OG30 is replaced
 PARRDR> Error: Repeated DIHE parameter ( 21133): CG2R  CG31  NG31  HGPA is replaced
 PARRDR> Error: Repeated DIHE parameter (  8721): CG33  CG2O  CG31  HGA1 is replaced
 PARRDR> Error: Repeated DIHE parameter (  7873): OG2D  CG2O  CG30  CG32 is replaced
 PARRDR> Error: Repeated DIHE parameter ( 24339): HGA2  CG32  NG31  CG31 is replaced
 PARRDR> Error: Repeated DIHE parameter (  7108): OG2D  CG2O  CG32  NG31 is replaced
 PARRDR> Error: Repeated DIHE parameter (  7109): OG2D  CG2O  CG32  NG31 is replaced
 PARRDR> Error: Repeated DIHE parameter ( 18910): CG32  CG30  OG30  CG32 is replaced
 PARRDR> Error: Repeated DIHE parameter ( 18911): CG32  CG30  OG30  CG32 is replaced
 PARRDR> Error: Repeated DIHE parameter ( 18912): CG32  CG30  OG30  CG32 is replaced
 PARRDR> Error: Repeated DIHE parameter ( 18910): CG32  CG30  OG30  CG32 is replaced
 PARRDR> Error: Repeated DIHE parameter ( 18911): CG32  CG30  OG30  CG32 is replaced
 PARRDR> Error: Repeated DIHE parameter ( 18912): CG32  CG30  OG30  CG32 is replaced
 PARRDR> Error: Repeated DIHE parameter ( 18910): CG32  CG30  OG30  CG32 is replaced
 PARRDR> Error: Repeated DIHE parameter ( 18911): CG32  CG30  OG30  CG32 is replaced
 PARRDR> Error: Repeated DIHE parameter ( 18912): CG32  CG30  OG30  CG32 is replaced
 PARRDR> Error: Repeated DIHE parameter (  7698): CG32  CG2O  NG2S  CG30 is replaced
 PARRDR> Error: Repeated DIHE parameter (  7699): CG32  CG2O  NG2S  CG30 is replaced
 PARRDR> Error: Repeated DIHE parameter (  7698): CG32  CG2O  NG2S  CG30 is replaced
 PARRDR> Error: Repeated DIHE parameter (  7699): CG32  CG2O  NG2S  CG30 is replaced
 PARRDR> Error: Repeated DIHE parameter ( 18854): CG32  CG30  NG31  CG32 is replaced
 PARRDR> Error: Repeated DIHE parameter ( 18855): CG32  CG30  NG31  CG32 is replaced
 PARRDR> Error: Repeated DIHE parameter ( 18856): CG32  CG30  NG31  CG32 is replaced
 PARRDR> Error: Repeated DIHE parameter ( 18854): CG32  CG30  NG31  CG32 is replaced
 PARRDR> Error: Repeated DIHE parameter ( 18855): CG32  CG30  NG31  CG32 is replaced
 PARRDR> Error: Repeated DIHE parameter ( 18856): CG32  CG30  NG31  CG32 is replaced
 PARRDR> Error: Repeated DIHE parameter ( 18854): CG32  CG30  NG31  CG32 is replaced
 PARRDR> Error: Repeated DIHE parameter ( 18855): CG32  CG30  NG31  CG32 is replaced
 PARRDR> Error: Repeated DIHE parameter ( 18856): CG32  CG30  NG31  CG32 is replaced
 PARRDR> Error: Repeated DIHE parameter ( 22593): CG31  CG32  CG32  NG31 is replaced
 PARRDR> Error: Repeated DIHE parameter ( 22593): CG31  CG32  CG32  NG31 is replaced
 PARRDR> Error: Repeated DIHE parameter ( 22574): CG30  CG32  CG32  NG31 is replaced
 PARRDR> Error: Repeated DIHE parameter ( 22574): CG30  CG32  CG32  NG31 is replaced
 PARRDR> Error: Repeated DIHE parameter (  3635): CG33  CG2D  CG32  CG30 is replaced
 PARRDR> Error: Repeated DIHE parameter ( 18812): CG32  CG30  NG2S  HGP1 is replaced
 PARRDR> Error: Repeated DIHE parameter ( 18326): CG2O  CG30  CG32  HGA2 is replaced
 PARRDR> Error: Repeated DIHE parameter ( 19875): CG33  CG31  CG32  OG30 is replaced
 PARRDR> Error: Repeated DIHE parameter ( 22793): NG31  CG32  CG32  OG30 is replaced
 PARRDR> Error: Repeated DIHE parameter ( 22793): NG31  CG32  CG32  OG30 is replaced
 PARRDR> Error: Repeated DIHE parameter ( 19648): CG2O  CG31  CG32  CG31 is replaced
 PARRDR> Error: Repeated DIHE parameter ( 18869): CG33  CG30  NG31  HGPA is replaced
 PARRDR> Error: Repeated DIHE parameter ( 18870): CG33  CG30  NG31  HGPA is replaced
 PARRDR> Error: Repeated DIHE parameter ( 22754): NG2R  CG32  CG32  HGA2 is replaced
 PARRDR> Error: Repeated DIHE parameter ( 18636): NG2S  CG30  CG33  HGA3 is replaced
 PARRDR> Error: Repeated DIHE parameter ( 19987): NG31  CG31  CG32  CG30 is replaced
 PARRDR> Error: Repeated DIHE parameter ( 19684): CG2O  CG31  CG32  HGA2 is replaced
 PARRDR> Error: Repeated DIHE parameter ( 18382): CG32  CG30  CG32  CG2D is replaced
 PARRDR> Error: Repeated DIHE parameter ( 18473): NG31  CG30  CG32  CG32 is replaced
 PARRDR> Error: Repeated DIHE parameter ( 19929): NG2R  CG31  CG32  CG31 is replaced
 PARRDR> Error: Repeated DIHE parameter ( 19955): NG2S  CG31  CG32  CG30 is replaced
 PARRDR> Error: Repeated DIHE parameter ( 21265): HGA1  CG31  NG31  CG32 is replaced
 PARRDR> Error: Repeated DIHE parameter ( 22367): CG2D  CG32  CG32  CG30 is replaced
 PARRDR> Error: Repeated DIHE parameter ( 22368): CG2D  CG32  CG32  CG30 is replaced
 PARRDR> Error: Repeated DIHE parameter ( 22369): CG2D  CG32  CG32  CG30 is replaced
 PARRDR> Error: Repeated DIHE parameter ( 22367): CG2D  CG32  CG32  CG30 is replaced
 PARRDR> Error: Repeated DIHE parameter ( 22368): CG2D  CG32  CG32  CG30 is replaced
 PARRDR> Error: Repeated DIHE parameter ( 22369): CG2D  CG32  CG32  CG30 is replaced
 PARRDR> Error: Repeated DIHE parameter ( 22367): CG2D  CG32  CG32  CG30 is replaced
 PARRDR> Error: Repeated DIHE parameter ( 22368): CG2D  CG32  CG32  CG30 is replaced
 PARRDR> Error: Repeated DIHE parameter ( 22369): CG2D  CG32  CG32  CG30 is replaced
 PARRDR> Error: Repeated DIHE parameter (  6892): NG2S  CG2O  CG31  NG31 is replaced
 PARRDR> Error: Repeated DIHE parameter (  6893): NG2S  CG2O  CG31  NG31 is replaced
 PARRDR> Error: Repeated DIHE parameter ( 18324): CG2O  CG30  CG32  CG32 is replaced
 PARRDR> Error: Repeated DIHE parameter (  8752): OG2D  CG2O  CG31  CG32 is replaced
 PARRDR> Error: Repeated DIHE parameter (  8753): OG2D  CG2O  CG31  CG32 is replaced
 PARRDR> Error: Repeated DIHE parameter (  8754): OG2D  CG2O  CG31  CG32 is replaced
 PARRDR> Error: Repeated DIHE parameter (  8755): OG2D  CG2O  CG31  CG32 is replaced
 PARRDR> Error: Repeated DIHE parameter (  8752): OG2D  CG2O  CG31  CG32 is replaced
 PARRDR> Error: Repeated DIHE parameter (  8753): OG2D  CG2O  CG31  CG32 is replaced
 PARRDR> Error: Repeated DIHE parameter (  8754): OG2D  CG2O  CG31  CG32 is replaced
 PARRDR> Error: Repeated DIHE parameter (  8755): OG2D  CG2O  CG31  CG32 is replaced
 PARRDR> Error: Repeated DIHE parameter (  8752): OG2D  CG2O  CG31  CG32 is replaced
 PARRDR> Error: Repeated DIHE parameter (  8753): OG2D  CG2O  CG31  CG32 is replaced
 PARRDR> Error: Repeated DIHE parameter (  8754): OG2D  CG2O  CG31  CG32 is replaced
 PARRDR> Error: Repeated DIHE parameter (  8755): OG2D  CG2O  CG31  CG32 is replaced
 PARRDR> Error: Repeated DIHE parameter (  8752): OG2D  CG2O  CG31  CG32 is replaced
 PARRDR> Error: Repeated DIHE parameter (  8753): OG2D  CG2O  CG31  CG32 is replaced
 PARRDR> Error: Repeated DIHE parameter (  8754): OG2D  CG2O  CG31  CG32 is replaced
 PARRDR> Error: Repeated DIHE parameter (  8755): OG2D  CG2O  CG31  CG32 is replaced
 PARRDR> Error: Repeated DIHE parameter ( 18323): CG2O  CG30  CG32  CG30 is replaced
 PARRDR> Error: Repeated DIHE parameter ( 24235): CG32  CG32  NG31  CG31 is replaced
 PARRDR> Error: Repeated DIHE parameter ( 24236): CG32  CG32  NG31  CG31 is replaced
 PARRDR> Error: Repeated DIHE parameter ( 24237): CG32  CG32  NG31  CG31 is replaced
 PARRDR> Error: Repeated DIHE parameter ( 24235): CG32  CG32  NG31  CG31 is replaced
 PARRDR> Error: Repeated DIHE parameter ( 24236): CG32  CG32  NG31  CG31 is replaced
 PARRDR> Error: Repeated DIHE parameter ( 24237): CG32  CG32  NG31  CG31 is replaced
 PARRDR> Error: Repeated DIHE parameter ( 24235): CG32  CG32  NG31  CG31 is replaced
 PARRDR> Error: Repeated DIHE parameter ( 24236): CG32  CG32  NG31  CG31 is replaced
 PARRDR> Error: Repeated DIHE parameter ( 24237): CG32  CG32  NG31  CG31 is replaced
 PARRDR> Error: Repeated DIHE parameter ( 22590): CG31  CG32  CG32  NG2S is replaced
 PARRDR> Error: Repeated DIHE parameter ( 21463): NG31  CG31  OG31  HGP1 is replaced
 PARRDR> Error: Repeated DIHE parameter ( 21464): NG31  CG31  OG31  HGP1 is replaced
 PARRDR> Error: Repeated DIHE parameter ( 21465): NG31  CG31  OG31  HGP1 is replaced
 PARRDR> Error: Repeated DIHE parameter ( 21466): NG31  CG31  OG31  HGP1 is replaced
 PARRDR> Error: Repeated DIHE parameter ( 21463): NG31  CG31  OG31  HGP1 is replaced
 PARRDR> Error: Repeated DIHE parameter ( 21464): NG31  CG31  OG31  HGP1 is replaced
 PARRDR> Error: Repeated DIHE parameter ( 21465): NG31  CG31  OG31  HGP1 is replaced
 PARRDR> Error: Repeated DIHE parameter ( 21466): NG31  CG31  OG31  HGP1 is replaced
 PARRDR> Error: Repeated DIHE parameter ( 19671): CG2O  CG31  CG32  CG30 is replaced
 PARRDR> Error: Repeated DIHE parameter ( 24150): CG2O  CG32  NG31  HGPA is replaced
 PARRDR> Error: Repeated DIHE parameter ( 24151): CG2O  CG32  NG31  HGPA is replaced
 PARRDR> Error: Repeated DIHE parameter ( 24152): CG2O  CG32  NG31  HGPA is replaced
 PARRDR> Error: Repeated DIHE parameter ( 18466): NG2S  CG30  CG32  CG32 is replaced
 PARRDR> Error: Repeated DIHE parameter ( 19673): CG2O  CG31  CG32  CG32 is replaced
 PARRDR> Error: Repeated DIHE parameter ( 19669): CG2O  CG31  CG32  CG2D is replaced
 PARRDR> Error: Repeated DIHE parameter (  7110): OG2D  CG2O  CG32  OG30 is replaced
 PARRDR> Error: Repeated DIHE parameter ( 19993): NG31  CG31  CG32  OG31 is replaced
 PARRDR> Error: Repeated DIHE parameter ( 19994): NG31  CG31  CG32  OG31 is replaced
 PARRDR> Error: Repeated DIHE parameter ( 19988): NG31  CG31  CG32  CG32 is replaced
 PARRDR> Error: Repeated DIHE parameter (  6949): OG2D  CG2O  CG31  NG31 is replaced
 PARRDR> Error: Repeated DIHE parameter (  6950): OG2D  CG2O  CG31  NG31 is replaced
 PARRDR> Error: Repeated DIHE parameter ( 19711): CG2R  CG31  CG32  CG32 is replaced
 PARRDR> Error: Repeated DIHE parameter ( 21359): CG33  CG31  OG30  CG32 is replaced
 PARRDR> Error: Repeated DIHE parameter ( 21360): CG33  CG31  OG30  CG32 is replaced
 PARRDR> Error: Repeated DIHE parameter ( 21359): CG33  CG31  OG30  CG32 is replaced
 PARRDR> Error: Repeated DIHE parameter ( 21360): CG33  CG31  OG30  CG32 is replaced
 PARRDR> Error: Repeated DIHE parameter ( 21189): CG32  CG31  NG31  HGPA is replaced
 PARRDR> Error: Repeated DIHE parameter ( 21215): CG33  CG31  NG31  HGPA is replaced
 PARRDR> Error: Repeated DIHE parameter ( 29520): HGA2  CG3C  NG2R  CG31 is replaced
 PARRDR> Error: Repeated DIHE parameter (  7816): OG2D  CG2O  CG2R  CG2R is replaced
 PARRDR> Error: Repeated DIHE parameter ( 21122): CG2O  CG31  NG31  HGPA is replaced
 PARRDR> Error: Repeated DIHE parameter ( 21123): CG2O  CG31  NG31  HGPA is replaced
 PARRDR> Error: Repeated DIHE parameter ( 21124): CG2O  CG31  NG31  HGPA is replaced
 PARRDR> Error: Repeated DIHE parameter (  3661): HGA4  CG2D  CG32  CG30 is replaced
 PARRDR> Error: Repeated DIHE parameter ( 18638): NG31  CG30  CG33  HGA3 is replaced
 PARRDR> Error: Repeated DIHE parameter ( 20746): HGA1  CG31  NG2R  CG3C is replaced
 PARRDR> Error: Repeated DIHE parameter (  8111): CG2R  CG2O  OG31  HGP1 is replaced
 PARRDR> Error: Repeated DIHE parameter (  8112): CG2R  CG2O  OG31  HGP1 is replaced
 PARRDR> Error: Repeated DIHE parameter (  8113): CG2R  CG2O  OG31  HGP1 is replaced
 PARRDR> Error: Repeated DIHE parameter (  8114): CG2R  CG2O  OG31  HGP1 is replaced
 PARRDR> Error: Repeated DIHE parameter (  8111): CG2R  CG2O  OG31  HGP1 is replaced
 PARRDR> Error: Repeated DIHE parameter (  8112): CG2R  CG2O  OG31  HGP1 is replaced
 PARRDR> Error: Repeated DIHE parameter (  8113): CG2R  CG2O  OG31  HGP1 is replaced
 PARRDR> Error: Repeated DIHE parameter (  8114): CG2R  CG2O  OG31  HGP1 is replaced
 PARRDR> Error: Repeated DIHE parameter (  8111): CG2R  CG2O  OG31  HGP1 is replaced
 PARRDR> Error: Repeated DIHE parameter (  8112): CG2R  CG2O  OG31  HGP1 is replaced
 PARRDR> Error: Repeated DIHE parameter (  8113): CG2R  CG2O  OG31  HGP1 is replaced
 PARRDR> Error: Repeated DIHE parameter (  8114): CG2R  CG2O  OG31  HGP1 is replaced
 PARRDR> Error: Repeated DIHE parameter (  8111): CG2R  CG2O  OG31  HGP1 is replaced
 PARRDR> Error: Repeated DIHE parameter (  8112): CG2R  CG2O  OG31  HGP1 is replaced
 PARRDR> Error: Repeated DIHE parameter (  8113): CG2R  CG2O  OG31  HGP1 is replaced
 PARRDR> Error: Repeated DIHE parameter (  8114): CG2R  CG2O  OG31  HGP1 is replaced
 PARRDR> Error: Repeated DIHE parameter ( 20374): NG31  CG31  CG33  HGA3 is replaced
 PARRDR> Error: Repeated DIHE parameter (  3636): CG33  CG2D  CG32  CG31 is replaced
 PARRDR> Error: Repeated DIHE parameter ( 23626): CG32  CG32  NG2R  CG2R is replaced
 PARRDR> Error: Repeated DIHE parameter ( 18813): CG33  CG30  NG2S  CG2O is replaced
 PARRDR> Error: Repeated DIHE parameter ( 14405): CG2R  CG2R  CG31  NG31 is replaced
 PARRDR> Error: Repeated DIHE parameter (  7055): NG2S  CG2O  CG32  OG30 is replaced
 PARRDR> Error: Repeated DIHE parameter (  7056): NG2S  CG2O  CG32  OG30 is replaced
 PARRDR> Error: Repeated DIHE parameter (  7057): NG2S  CG2O  CG32  OG30 is replaced
 PARRDR> Error: Repeated DIHE parameter ( 24487): HGA2  CG32  OG30  CG31 is replaced
 PARRDR> Error: Repeated DIHE parameter (  7874): OG2D  CG2O  CG30  CG33 is replaced
 PARRDR> Error: Repeated DIHE parameter ( 20351): CG2O  CG31  CG33  HGA3 is replaced
 PARRDR> Error: Repeated DIHE parameter ( 18406): CG33  CG30  CG32  CG2D is replaced
 PARRDR> Error: Repeated DIHE parameter ( 22365): CG2D  CG32  CG32  CG2O is replaced
 PARRDR> Error: Repeated DIHE parameter ( 18610): CG2O  CG30  CG33  HGA3 is replaced
 PARRDR> Error: Repeated DIHE parameter ( 22767): NG2S  CG32  CG32  OG30 is replaced
 PARRDR> Error: Repeated DIHE parameter ( 20742): CG32  CG31  NG2R  CG3C is replaced
 PARRDR> Error: Repeated DIHE parameter ( 20743): CG32  CG31  NG2R  CG3C is replaced
 PARRDR> Error: Repeated DIHE parameter ( 20744): CG32  CG31  NG2R  CG3C is replaced
 PARRDR> Error: Repeated DIHE parameter ( 19710): CG2R  CG31  CG32  CG30 is replaced
 PARRDR> Error: Repeated DIHE parameter ( 29493): CG3C  CG3C  NG2R  CG31 is replaced
 PARRDR> Error: Repeated DIHE parameter ( 29494): CG3C  CG3C  NG2R  CG31 is replaced
 PARRDR> Error: Repeated DIHE parameter ( 24494): CG2D  CG32  OG30  CG2O is replaced
 PARRDR> Error: Repeated DIHE parameter ( 24495): CG2D  CG32  OG30  CG2O is replaced
 PARRDR> Error: Repeated DIHE parameter (  9557): CG2O  CG2R  CG2R  CG2R is replaced
 PARRDR> Error: Repeated DIHE parameter (  7818): OG31  CG2O  CG2R  CG2R is replaced
 PARRDR> Error: Repeated DIHE parameter ( 18415): CG33  CG30  CG32  CG31 is replaced
 PARRDR> Error: Repeated DIHE parameter ( 18469): NG2S  CG30  CG32  HGA2 is replaced
 PARRDR> Error: Repeated DIHE parameter ( 19672): CG2O  CG31  CG32  CG31 is replaced
 PARRDR> Error: Repeated DIHE parameter (  6913): NG2S  CG2O  CG31  NG31 is replaced
 PARRDR> Error: Repeated DIHE parameter (  6914): NG2S  CG2O  CG31  NG31 is replaced
 PARRDR> Error: Repeated DIHE parameter ( 18810): CG32  CG30  NG2S  CG2O is replaced
 PARRDR> Error: Repeated DIHE parameter ( 20031): OG30  CG31  CG32  CG31 is replaced
 PARRDR> Error: Repeated DIHE parameter ( 20032): OG30  CG31  CG32  CG31 is replaced
 PARRDR> Error: Repeated DIHE parameter (  8689): CG32  CG2O  CG31  CG33 is replaced
 PARRDR> Error: Repeated DIHE parameter (  8690): CG32  CG2O  CG31  CG33 is replaced
 PARRDR> Error: Repeated DIHE parameter (  8691): CG32  CG2O  CG31  CG33 is replaced
 PARRDR> Error: Repeated DIHE parameter (  8692): CG32  CG2O  CG31  CG33 is replaced
 PARRDR> Error: Repeated DIHE parameter (  8689): CG32  CG2O  CG31  CG33 is replaced
 PARRDR> Error: Repeated DIHE parameter (  8690): CG32  CG2O  CG31  CG33 is replaced
 PARRDR> Error: Repeated DIHE parameter (  8691): CG32  CG2O  CG31  CG33 is replaced
 PARRDR> Error: Repeated DIHE parameter (  8692): CG32  CG2O  CG31  CG33 is replaced
 PARRDR> Error: Repeated DIHE parameter (  8689): CG32  CG2O  CG31  CG33 is replaced
 PARRDR> Error: Repeated DIHE parameter (  8690): CG32  CG2O  CG31  CG33 is replaced
 PARRDR> Error: Repeated DIHE parameter (  8691): CG32  CG2O  CG31  CG33 is replaced
 PARRDR> Error: Repeated DIHE parameter (  8692): CG32  CG2O  CG31  CG33 is replaced
 PARRDR> Error: Repeated DIHE parameter (  8689): CG32  CG2O  CG31  CG33 is replaced
 PARRDR> Error: Repeated DIHE parameter (  8690): CG32  CG2O  CG31  CG33 is replaced
 PARRDR> Error: Repeated DIHE parameter (  8691): CG32  CG2O  CG31  CG33 is replaced
 PARRDR> Error: Repeated DIHE parameter (  8692): CG32  CG2O  CG31  CG33 is replaced
 PARRDR> Error: Repeated DIHE parameter (  8918): CG31  CG2O  CG32  HGA2 is replaced
 PARRDR> Error: Repeated DIHE parameter (  8712): CG32  CG2O  CG31  HGA1 is replaced
 PARRDR> Error: Repeated DIHE parameter (  3545): CG2D  CG2D  CG32  CG2O is replaced
 PARRDR> Error: Repeated DIHE parameter (  3546): CG2D  CG2D  CG32  CG2O is replaced
 PARRDR> Error: Repeated DIHE parameter (  3547): CG2D  CG2D  CG32  CG2O is replaced
 PARRDR> Error: Repeated DIHE parameter (  3548): CG2D  CG2D  CG32  CG2O is replaced
 PARRDR> Error: Repeated DIHE parameter (  3549): CG2D  CG2D  CG32  CG2O is replaced
 PARRDR> Error: Repeated DIHE parameter (  3545): CG2D  CG2D  CG32  CG2O is replaced
 PARRDR> Error: Repeated DIHE parameter (  3546): CG2D  CG2D  CG32  CG2O is replaced
 PARRDR> Error: Repeated DIHE parameter (  3547): CG2D  CG2D  CG32  CG2O is replaced
 PARRDR> Error: Repeated DIHE parameter (  3548): CG2D  CG2D  CG32  CG2O is replaced
 PARRDR> Error: Repeated DIHE parameter (  3549): CG2D  CG2D  CG32  CG2O is replaced
 PARRDR> Error: Repeated DIHE parameter (  3545): CG2D  CG2D  CG32  CG2O is replaced
 PARRDR> Error: Repeated DIHE parameter (  3546): CG2D  CG2D  CG32  CG2O is replaced
 PARRDR> Error: Repeated DIHE parameter (  3547): CG2D  CG2D  CG32  CG2O is replaced
 PARRDR> Error: Repeated DIHE parameter (  3548): CG2D  CG2D  CG32  CG2O is replaced
 PARRDR> Error: Repeated DIHE parameter (  3549): CG2D  CG2D  CG32  CG2O is replaced
 PARRDR> Error: Repeated DIHE parameter (  3545): CG2D  CG2D  CG32  CG2O is replaced
 PARRDR> Error: Repeated DIHE parameter (  3546): CG2D  CG2D  CG32  CG2O is replaced
 PARRDR> Error: Repeated DIHE parameter (  3547): CG2D  CG2D  CG32  CG2O is replaced
 PARRDR> Error: Repeated DIHE parameter (  3548): CG2D  CG2D  CG32  CG2O is replaced
 PARRDR> Error: Repeated DIHE parameter (  3549): CG2D  CG2D  CG32  CG2O is replaced
 PARRDR> Error: Repeated DIHE parameter (  9003): OG2D  CG2O  CG32  CG2D is replaced
 PARRDR> Error: Repeated DIHE parameter (  9004): OG2D  CG2O  CG32  CG2D is replaced
 PARRDR> Error: Repeated DIHE parameter (  7767): OG2D  CG2O  NG2S  CG2O is replaced
 PARRDR> Error: Repeated DIHE parameter (  7688): CG32  CG2O  NG2S  CG2O is replaced
 PARRDR> Error: Repeated DIHE parameter (  7688): CG32  CG2O  NG2S  CG2O is replaced
 PARRDR> Error: Repeated DIHE parameter (  8930): CG32  CG2O  CG32  CG2O is replaced
 PARRDR> Error: Repeated DIHE parameter (  8931): CG32  CG2O  CG32  CG2O is replaced
 PARRDR> Error: Repeated DIHE parameter (  8932): CG32  CG2O  CG32  CG2O is replaced
 PARRDR> Error: Repeated DIHE parameter (  8933): CG32  CG2O  CG32  CG2O is replaced
 PARRDR> Error: Repeated DIHE parameter (  8934): CG32  CG2O  CG32  CG2O is replaced
 PARRDR> Error: Repeated DIHE parameter (  8930): CG32  CG2O  CG32  CG2O is replaced
 PARRDR> Error: Repeated DIHE parameter (  8931): CG32  CG2O  CG32  CG2O is replaced
 PARRDR> Error: Repeated DIHE parameter (  8932): CG32  CG2O  CG32  CG2O is replaced
 PARRDR> Error: Repeated DIHE parameter (  8933): CG32  CG2O  CG32  CG2O is replaced
 PARRDR> Error: Repeated DIHE parameter (  8934): CG32  CG2O  CG32  CG2O is replaced
 PARRDR> Error: Repeated DIHE parameter (  8930): CG32  CG2O  CG32  CG2O is replaced
 PARRDR> Error: Repeated DIHE parameter (  8931): CG32  CG2O  CG32  CG2O is replaced
 PARRDR> Error: Repeated DIHE parameter (  8932): CG32  CG2O  CG32  CG2O is replaced
 PARRDR> Error: Repeated DIHE parameter (  8933): CG32  CG2O  CG32  CG2O is replaced
 PARRDR> Error: Repeated DIHE parameter (  8934): CG32  CG2O  CG32  CG2O is replaced
 PARRDR> Error: Repeated DIHE parameter (  8930): CG32  CG2O  CG32  CG2O is replaced
 PARRDR> Error: Repeated DIHE parameter (  8931): CG32  CG2O  CG32  CG2O is replaced
 PARRDR> Error: Repeated DIHE parameter (  8932): CG32  CG2O  CG32  CG2O is replaced
 PARRDR> Error: Repeated DIHE parameter (  8933): CG32  CG2O  CG32  CG2O is replaced
 PARRDR> Error: Repeated DIHE parameter (  8934): CG32  CG2O  CG32  CG2O is replaced
 PARRDR> Error: Repeated DIHE parameter (  7089): OG2D  CG2O  CG32  CG2O is replaced
 PARRDR> Error: Repeated DIHE parameter (  7090): OG2D  CG2O  CG32  CG2O is replaced
 PARRDR> Error: Repeated DIHE parameter (  9005): OG2D  CG2O  CG32  CG2O is replaced
 PARRDR> Error: Repeated DIHE parameter (  9006): OG2D  CG2O  CG32  CG2O is replaced
 PARRDR> Error: Repeated DIHE parameter (  9007): OG2D  CG2O  CG32  CG2O is replaced
 PARRDR> Error: Repeated DIHE parameter (  8659): CG32  CG2O  CG31  CG2O is replaced
 PARRDR> Error: Repeated DIHE parameter (  8660): CG32  CG2O  CG31  CG2O is replaced
 PARRDR> Error: Repeated DIHE parameter (  8661): CG32  CG2O  CG31  CG2O is replaced
 PARRDR> Error: Repeated DIHE parameter (  8659): CG32  CG2O  CG31  CG2O is replaced
 PARRDR> Error: Repeated DIHE parameter (  8660): CG32  CG2O  CG31  CG2O is replaced
 PARRDR> Error: Repeated DIHE parameter (  8661): CG32  CG2O  CG31  CG2O is replaced
 PARRDR> Error: Repeated DIHE parameter (  8659): CG32  CG2O  CG31  CG2O is replaced
 PARRDR> Error: Repeated DIHE parameter (  8660): CG32  CG2O  CG31  CG2O is replaced
 PARRDR> Error: Repeated DIHE parameter (  8661): CG32  CG2O  CG31  CG2O is replaced
 PARRDR> Error: Repeated DIHE parameter (  8659): CG32  CG2O  CG31  CG2O is replaced
 PARRDR> Error: Repeated DIHE parameter (  8660): CG32  CG2O  CG31  CG2O is replaced
 PARRDR> Error: Repeated DIHE parameter (  8661): CG32  CG2O  CG31  CG2O is replaced
 PARRDR> Error: Repeated DIHE parameter (  8662): CG32  CG2O  CG31  CG2O is replaced
 PARRDR> Error: Repeated DIHE parameter (  8663): CG32  CG2O  CG31  CG2O is replaced
 PARRDR> Error: Repeated DIHE parameter (  8664): CG32  CG2O  CG31  CG2O is replaced
 PARRDR> Error: Repeated DIHE parameter (  8662): CG32  CG2O  CG31  CG2O is replaced
 PARRDR> Error: Repeated DIHE parameter (  8663): CG32  CG2O  CG31  CG2O is replaced
 PARRDR> Error: Repeated DIHE parameter (  8664): CG32  CG2O  CG31  CG2O is replaced
 PARRDR> Error: Repeated DIHE parameter (  8662): CG32  CG2O  CG31  CG2O is replaced
 PARRDR> Error: Repeated DIHE parameter (  8663): CG32  CG2O  CG31  CG2O is replaced
 PARRDR> Error: Repeated DIHE parameter (  8664): CG32  CG2O  CG31  CG2O is replaced
 PARRDR> Error: Repeated DIHE parameter (  8662): CG32  CG2O  CG31  CG2O is replaced
 PARRDR> Error: Repeated DIHE parameter (  8663): CG32  CG2O  CG31  CG2O is replaced
 PARRDR> Error: Repeated DIHE parameter (  8664): CG32  CG2O  CG31  CG2O is replaced
 PARRDR> Error: Repeated DIHE parameter (  8556): CG32  CG2O  CG30  CG32 is replaced
 PARRDR> Error: Repeated DIHE parameter (  8557): CG32  CG2O  CG30  CG32 is replaced
 PARRDR> Error: Repeated DIHE parameter (  8558): CG32  CG2O  CG30  CG32 is replaced
 PARRDR> Error: Repeated DIHE parameter (  8559): CG32  CG2O  CG30  CG32 is replaced
 PARRDR> Error: Repeated DIHE parameter (  8556): CG32  CG2O  CG30  CG32 is replaced
 PARRDR> Error: Repeated DIHE parameter (  8557): CG32  CG2O  CG30  CG32 is replaced
 PARRDR> Error: Repeated DIHE parameter (  8558): CG32  CG2O  CG30  CG32 is replaced
 PARRDR> Error: Repeated DIHE parameter (  8559): CG32  CG2O  CG30  CG32 is replaced
 PARRDR> Error: Repeated DIHE parameter (  8556): CG32  CG2O  CG30  CG32 is replaced
 PARRDR> Error: Repeated DIHE parameter (  8557): CG32  CG2O  CG30  CG32 is replaced
 PARRDR> Error: Repeated DIHE parameter (  8558): CG32  CG2O  CG30  CG32 is replaced
 PARRDR> Error: Repeated DIHE parameter (  8559): CG32  CG2O  CG30  CG32 is replaced
 PARRDR> Error: Repeated DIHE parameter (  8556): CG32  CG2O  CG30  CG32 is replaced
 PARRDR> Error: Repeated DIHE parameter (  8557): CG32  CG2O  CG30  CG32 is replaced
 PARRDR> Error: Repeated DIHE parameter (  8558): CG32  CG2O  CG30  CG32 is replaced
 PARRDR> Error: Repeated DIHE parameter (  8559): CG32  CG2O  CG30  CG32 is replaced
 PARRDR> Error: Repeated DIHE parameter ( 19802): CG32  CG31  CG32  CG2O is replaced
 PARRDR> Error: Repeated DIHE parameter ( 19802): CG32  CG31  CG32  CG2O is replaced
 PARRDR> Error: Repeated DIHE parameter ( 19802): CG32  CG31  CG32  CG2O is replaced
 PARRDR> Error: Repeated DIHE parameter ( 19802): CG32  CG31  CG32  CG2O is replaced
 PARRDR> Error: Repeated DIHE parameter ( 19802): CG32  CG31  CG32  CG2O is replaced
 PARRDR> Error: Repeated DIHE parameter ( 19676): CG2O  CG31  CG32  NG2S is replaced
 PARRDR> Error: Repeated DIHE parameter (  8560): CG32  CG2O  CG30  CG33 is replaced
 PARRDR> Error: Repeated DIHE parameter (  8561): CG32  CG2O  CG30  CG33 is replaced
 PARRDR> Error: Repeated DIHE parameter (  8562): CG32  CG2O  CG30  CG33 is replaced
 PARRDR> Error: Repeated DIHE parameter (  8563): CG32  CG2O  CG30  CG33 is replaced
 PARRDR> Error: Repeated DIHE parameter (  8564): CG32  CG2O  CG30  CG33 is replaced
 PARRDR> Error: Repeated DIHE parameter (  8560): CG32  CG2O  CG30  CG33 is replaced
 PARRDR> Error: Repeated DIHE parameter (  8561): CG32  CG2O  CG30  CG33 is replaced
 PARRDR> Error: Repeated DIHE parameter (  8562): CG32  CG2O  CG30  CG33 is replaced
 PARRDR> Error: Repeated DIHE parameter (  8563): CG32  CG2O  CG30  CG33 is replaced
 PARRDR> Error: Repeated DIHE parameter (  8564): CG32  CG2O  CG30  CG33 is replaced
 PARRDR> Error: Repeated DIHE parameter (  8560): CG32  CG2O  CG30  CG33 is replaced
 PARRDR> Error: Repeated DIHE parameter (  8561): CG32  CG2O  CG30  CG33 is replaced
 PARRDR> Error: Repeated DIHE parameter (  8562): CG32  CG2O  CG30  CG33 is replaced
 PARRDR> Error: Repeated DIHE parameter (  8563): CG32  CG2O  CG30  CG33 is replaced
 PARRDR> Error: Repeated DIHE parameter (  8564): CG32  CG2O  CG30  CG33 is replaced
 PARRDR> Error: Repeated DIHE parameter (  8560): CG32  CG2O  CG30  CG33 is replaced
 PARRDR> Error: Repeated DIHE parameter (  8561): CG32  CG2O  CG30  CG33 is replaced
 PARRDR> Error: Repeated DIHE parameter (  8562): CG32  CG2O  CG30  CG33 is replaced
 PARRDR> Error: Repeated DIHE parameter (  8563): CG32  CG2O  CG30  CG33 is replaced
 PARRDR> Error: Repeated DIHE parameter (  8564): CG32  CG2O  CG30  CG33 is replaced
 PARRDR> Error: Repeated DIHE parameter ( 19860): CG33  CG31  CG32  CG2O is replaced
 PARRDR> Error: Repeated DIHE parameter ( 19860): CG33  CG31  CG32  CG2O is replaced
 PARRDR> Error: Repeated DIHE parameter ( 19860): CG33  CG31  CG32  CG2O is replaced
 PARRDR> Error: Repeated DIHE parameter ( 19860): CG33  CG31  CG32  CG2O is replaced
 PARRDR> Error: Repeated DIHE parameter ( 19860): CG33  CG31  CG32  CG2O is replaced
 PARRDR> Error: Repeated DIHE parameter ( 18337): CG2O  CG30  CG32  CG32 is replaced
 PARRDR> Error: Repeated DIHE parameter ( 18338): CG2O  CG30  CG32  CG32 is replaced
 PARRDR> Error: Repeated DIHE parameter (  8947): CG32  CG2O  CG32  CG31 is replaced
 PARRDR> Error: Repeated DIHE parameter (  8948): CG32  CG2O  CG32  CG31 is replaced
 PARRDR> Error: Repeated DIHE parameter (  8949): CG32  CG2O  CG32  CG31 is replaced
 PARRDR> Error: Repeated DIHE parameter (  8950): CG32  CG2O  CG32  CG31 is replaced
 PARRDR> Error: Repeated DIHE parameter (  8947): CG32  CG2O  CG32  CG31 is replaced
 PARRDR> Error: Repeated DIHE parameter (  8948): CG32  CG2O  CG32  CG31 is replaced
 PARRDR> Error: Repeated DIHE parameter (  8949): CG32  CG2O  CG32  CG31 is replaced
 PARRDR> Error: Repeated DIHE parameter (  8950): CG32  CG2O  CG32  CG31 is replaced
 PARRDR> Error: Repeated DIHE parameter (  8947): CG32  CG2O  CG32  CG31 is replaced
 PARRDR> Error: Repeated DIHE parameter (  8948): CG32  CG2O  CG32  CG31 is replaced
 PARRDR> Error: Repeated DIHE parameter (  8949): CG32  CG2O  CG32  CG31 is replaced
 PARRDR> Error: Repeated DIHE parameter (  8950): CG32  CG2O  CG32  CG31 is replaced
 PARRDR> Error: Repeated DIHE parameter (  8947): CG32  CG2O  CG32  CG31 is replaced
 PARRDR> Error: Repeated DIHE parameter (  8948): CG32  CG2O  CG32  CG31 is replaced
 PARRDR> Error: Repeated DIHE parameter (  8949): CG32  CG2O  CG32  CG31 is replaced
 PARRDR> Error: Repeated DIHE parameter (  8950): CG32  CG2O  CG32  CG31 is replaced
 PARRDR> Error: Repeated DIHE parameter ( 19705): CG2R  CG31  CG32  CG2O is replaced
 PARRDR> Error: Repeated DIHE parameter (  8590): OG2D  CG2O  CG30  CG33 is replaced
 PARRDR> Error: Repeated DIHE parameter (  8591): OG2D  CG2O  CG30  CG33 is replaced
 PARRDR> Error: Repeated DIHE parameter (  8592): OG2D  CG2O  CG30  CG33 is replaced
 PARRDR> Error: Repeated DIHE parameter (  8593): OG2D  CG2O  CG30  CG33 is replaced
 PARRDR> Error: Repeated DIHE parameter (  8594): OG2D  CG2O  CG30  CG33 is replaced
 PARRDR> Error: Repeated DIHE parameter (  8590): OG2D  CG2O  CG30  CG33 is replaced
 PARRDR> Error: Repeated DIHE parameter (  8591): OG2D  CG2O  CG30  CG33 is replaced
 PARRDR> Error: Repeated DIHE parameter (  8592): OG2D  CG2O  CG30  CG33 is replaced
 PARRDR> Error: Repeated DIHE parameter (  8593): OG2D  CG2O  CG30  CG33 is replaced
 PARRDR> Error: Repeated DIHE parameter (  8594): OG2D  CG2O  CG30  CG33 is replaced
 PARRDR> Error: Repeated DIHE parameter (  8590): OG2D  CG2O  CG30  CG33 is replaced
 PARRDR> Error: Repeated DIHE parameter (  8591): OG2D  CG2O  CG30  CG33 is replaced
 PARRDR> Error: Repeated DIHE parameter (  8592): OG2D  CG2O  CG30  CG33 is replaced
 PARRDR> Error: Repeated DIHE parameter (  8593): OG2D  CG2O  CG30  CG33 is replaced
 PARRDR> Error: Repeated DIHE parameter (  8594): OG2D  CG2O  CG30  CG33 is replaced
 PARRDR> Error: Repeated DIHE parameter (  8590): OG2D  CG2O  CG30  CG33 is replaced
 PARRDR> Error: Repeated DIHE parameter (  8591): OG2D  CG2O  CG30  CG33 is replaced
 PARRDR> Error: Repeated DIHE parameter (  8592): OG2D  CG2O  CG30  CG33 is replaced
 PARRDR> Error: Repeated DIHE parameter (  8593): OG2D  CG2O  CG30  CG33 is replaced
 PARRDR> Error: Repeated DIHE parameter (  8594): OG2D  CG2O  CG30  CG33 is replaced
 PARRDR> Error: Repeated DIHE parameter (  8665): CG32  CG2O  CG31  CG2R is replaced
 PARRDR> Error: Repeated DIHE parameter (  8666): CG32  CG2O  CG31  CG2R is replaced
 PARRDR> Error: Repeated DIHE parameter (  8665): CG32  CG2O  CG31  CG2R is replaced
 PARRDR> Error: Repeated DIHE parameter (  8666): CG32  CG2O  CG31  CG2R is replaced
 PARRDR> Error: Repeated DIHE parameter (  8665): CG32  CG2O  CG31  CG2R is replaced
 PARRDR> Error: Repeated DIHE parameter (  8666): CG32  CG2O  CG31  CG2R is replaced
 PARRDR> Error: Repeated DIHE parameter (  8665): CG32  CG2O  CG31  CG2R is replaced
 PARRDR> Error: Repeated DIHE parameter (  8666): CG32  CG2O  CG31  CG2R is replaced
 PARRDR> Error: Repeated DIHE parameter (  8656): CG32  CG2O  CG31  CG2O is replaced
 PARRDR> Error: Repeated DIHE parameter (  8657): CG32  CG2O  CG31  CG2O is replaced
 PARRDR> Error: Repeated DIHE parameter (  8658): CG32  CG2O  CG31  CG2O is replaced
 PARRDR> Error: Repeated DIHE parameter (  8656): CG32  CG2O  CG31  CG2O is replaced
 PARRDR> Error: Repeated DIHE parameter (  8657): CG32  CG2O  CG31  CG2O is replaced
 PARRDR> Error: Repeated DIHE parameter (  8658): CG32  CG2O  CG31  CG2O is replaced
 PARRDR> Error: Repeated DIHE parameter (  8656): CG32  CG2O  CG31  CG2O is replaced
 PARRDR> Error: Repeated DIHE parameter (  8657): CG32  CG2O  CG31  CG2O is replaced
 PARRDR> Error: Repeated DIHE parameter (  8658): CG32  CG2O  CG31  CG2O is replaced
 PARRDR> Error: Repeated DIHE parameter (  8656): CG32  CG2O  CG31  CG2O is replaced
 PARRDR> Error: Repeated DIHE parameter (  8657): CG32  CG2O  CG31  CG2O is replaced
 PARRDR> Error: Repeated DIHE parameter (  8658): CG32  CG2O  CG31  CG2O is replaced
 PARRDR> Error: Repeated DIHE parameter (  8693): CG32  CG2O  CG31  NG2R is replaced
 PARRDR> Error: Repeated DIHE parameter (  8694): CG32  CG2O  CG31  NG2R is replaced
 PARRDR> Error: Repeated DIHE parameter ( 18343): CG2O  CG30  CG32  HGA2 is replaced
 PARRDR> Error: Repeated DIHE parameter (  8730): OG2D  CG2O  CG31  CG2O is replaced
 PARRDR> Error: Repeated DIHE parameter (  8731): OG2D  CG2O  CG31  CG2O is replaced
 PARRDR> Error: Repeated DIHE parameter (  8586): OG2D  CG2O  CG30  CG32 is replaced
 PARRDR> Error: Repeated DIHE parameter (  8587): OG2D  CG2O  CG30  CG32 is replaced
 PARRDR> Error: Repeated DIHE parameter (  8588): OG2D  CG2O  CG30  CG32 is replaced
 PARRDR> Error: Repeated DIHE parameter (  8589): OG2D  CG2O  CG30  CG32 is replaced
 PARRDR> Error: Repeated DIHE parameter (  8586): OG2D  CG2O  CG30  CG32 is replaced
 PARRDR> Error: Repeated DIHE parameter (  8587): OG2D  CG2O  CG30  CG32 is replaced
 PARRDR> Error: Repeated DIHE parameter (  8588): OG2D  CG2O  CG30  CG32 is replaced
 PARRDR> Error: Repeated DIHE parameter (  8589): OG2D  CG2O  CG30  CG32 is replaced
 PARRDR> Error: Repeated DIHE parameter (  8586): OG2D  CG2O  CG30  CG32 is replaced
 PARRDR> Error: Repeated DIHE parameter (  8587): OG2D  CG2O  CG30  CG32 is replaced
 PARRDR> Error: Repeated DIHE parameter (  8588): OG2D  CG2O  CG30  CG32 is replaced
 PARRDR> Error: Repeated DIHE parameter (  8589): OG2D  CG2O  CG30  CG32 is replaced
 PARRDR> Error: Repeated DIHE parameter (  8586): OG2D  CG2O  CG30  CG32 is replaced
 PARRDR> Error: Repeated DIHE parameter (  8587): OG2D  CG2O  CG30  CG32 is replaced
 PARRDR> Error: Repeated DIHE parameter (  8588): OG2D  CG2O  CG30  CG32 is replaced
 PARRDR> Error: Repeated DIHE parameter (  8589): OG2D  CG2O  CG30  CG32 is replaced
 PARRDR> Error: Repeated DIHE parameter (  8883): CG30  CG2O  CG32  HGA2 is replaced
 PARRDR> Error: Repeated DIHE parameter (  8724): OG2D  CG2O  CG31  CG2O is replaced
 PARRDR> Error: Repeated DIHE parameter (  8725): OG2D  CG2O  CG31  CG2O is replaced
 PARRDR> Error: Repeated DIHE parameter ( 20067): OG31  CG31  CG32  NG2S is replaced
 PARRDR> Error: Repeated DIHE parameter (  8700): CG32  CG2O  CG31  OG31 is replaced
 PARRDR> Error: Repeated DIHE parameter (  8701): CG32  CG2O  CG31  OG31 is replaced
 PARRDR> Error: Repeated DIHE parameter (  8702): CG32  CG2O  CG31  OG31 is replaced
 PARRDR> Error: Repeated DIHE parameter (  8703): CG32  CG2O  CG31  OG31 is replaced
 PARRDR> Error: Repeated DIHE parameter (  8700): CG32  CG2O  CG31  OG31 is replaced
 PARRDR> Error: Repeated DIHE parameter (  8701): CG32  CG2O  CG31  OG31 is replaced
 PARRDR> Error: Repeated DIHE parameter (  8702): CG32  CG2O  CG31  OG31 is replaced
 PARRDR> Error: Repeated DIHE parameter (  8703): CG32  CG2O  CG31  OG31 is replaced
 PARRDR> Error: Repeated DIHE parameter (  8700): CG32  CG2O  CG31  OG31 is replaced
 PARRDR> Error: Repeated DIHE parameter (  8701): CG32  CG2O  CG31  OG31 is replaced
 PARRDR> Error: Repeated DIHE parameter (  8702): CG32  CG2O  CG31  OG31 is replaced
 PARRDR> Error: Repeated DIHE parameter (  8703): CG32  CG2O  CG31  OG31 is replaced
 PARRDR> Error: Repeated DIHE parameter (  8700): CG32  CG2O  CG31  OG31 is replaced
 PARRDR> Error: Repeated DIHE parameter (  8701): CG32  CG2O  CG31  OG31 is replaced
 PARRDR> Error: Repeated DIHE parameter (  8702): CG32  CG2O  CG31  OG31 is replaced
 PARRDR> Error: Repeated DIHE parameter (  8703): CG32  CG2O  CG31  OG31 is replaced
 PARRDR> Error: Repeated DIHE parameter (  9017): OG2D  CG2O  CG32  CG31 is replaced
 PARRDR> Error: Repeated DIHE parameter (  9018): OG2D  CG2O  CG32  CG31 is replaced
 PARRDR> Error: Repeated DIHE parameter (  9019): OG2D  CG2O  CG32  CG31 is replaced
 PARRDR> Error: Repeated DIHE parameter (  9020): OG2D  CG2O  CG32  CG31 is replaced
 PARRDR> Error: Repeated DIHE parameter (  9017): OG2D  CG2O  CG32  CG31 is replaced
 PARRDR> Error: Repeated DIHE parameter (  9018): OG2D  CG2O  CG32  CG31 is replaced
 PARRDR> Error: Repeated DIHE parameter (  9019): OG2D  CG2O  CG32  CG31 is replaced
 PARRDR> Error: Repeated DIHE parameter (  9020): OG2D  CG2O  CG32  CG31 is replaced
 PARRDR> Error: Repeated DIHE parameter (  9017): OG2D  CG2O  CG32  CG31 is replaced
 PARRDR> Error: Repeated DIHE parameter (  9018): OG2D  CG2O  CG32  CG31 is replaced
 PARRDR> Error: Repeated DIHE parameter (  9019): OG2D  CG2O  CG32  CG31 is replaced
 PARRDR> Error: Repeated DIHE parameter (  9020): OG2D  CG2O  CG32  CG31 is replaced
 PARRDR> Error: Repeated DIHE parameter (  9017): OG2D  CG2O  CG32  CG31 is replaced
 PARRDR> Error: Repeated DIHE parameter (  9018): OG2D  CG2O  CG32  CG31 is replaced
 PARRDR> Error: Repeated DIHE parameter (  9019): OG2D  CG2O  CG32  CG31 is replaced
 PARRDR> Error: Repeated DIHE parameter (  9020): OG2D  CG2O  CG32  CG31 is replaced
 PARRDR> Error: Repeated DIHE parameter (  8765): OG2D  CG2O  CG31  NG2R is replaced
 PARRDR> Error: Repeated DIHE parameter (  8766): OG2D  CG2O  CG31  NG2R is replaced
 PARRDR> Error: Repeated DIHE parameter (  8728): OG2D  CG2O  CG31  CG2O is replaced
 PARRDR> Error: Repeated DIHE parameter (  8729): OG2D  CG2O  CG31  CG2O is replaced
 PARRDR> Error: Repeated DIHE parameter (  7887): OG2D  CG2O  CG31  CG2O is replaced
 PARRDR> Error: Repeated DIHE parameter (  7888): OG2D  CG2O  CG31  CG2O is replaced
 PARRDR> Error: Repeated DIHE parameter (  8680): CG32  CG2O  CG31  CG32 is replaced
 PARRDR> Error: Repeated DIHE parameter (  8681): CG32  CG2O  CG31  CG32 is replaced
 PARRDR> Error: Repeated DIHE parameter (  8682): CG32  CG2O  CG31  CG32 is replaced
 PARRDR> Error: Repeated DIHE parameter (  8683): CG32  CG2O  CG31  CG32 is replaced
 PARRDR> Error: Repeated DIHE parameter (  8680): CG32  CG2O  CG31  CG32 is replaced
 PARRDR> Error: Repeated DIHE parameter (  8681): CG32  CG2O  CG31  CG32 is replaced
 PARRDR> Error: Repeated DIHE parameter (  8682): CG32  CG2O  CG31  CG32 is replaced
 PARRDR> Error: Repeated DIHE parameter (  8683): CG32  CG2O  CG31  CG32 is replaced
 PARRDR> Error: Repeated DIHE parameter (  8680): CG32  CG2O  CG31  CG32 is replaced
 PARRDR> Error: Repeated DIHE parameter (  8681): CG32  CG2O  CG31  CG32 is replaced
 PARRDR> Error: Repeated DIHE parameter (  8682): CG32  CG2O  CG31  CG32 is replaced
 PARRDR> Error: Repeated DIHE parameter (  8683): CG32  CG2O  CG31  CG32 is replaced
 PARRDR> Error: Repeated DIHE parameter (  8680): CG32  CG2O  CG31  CG32 is replaced
 PARRDR> Error: Repeated DIHE parameter (  8681): CG32  CG2O  CG31  CG32 is replaced
 PARRDR> Error: Repeated DIHE parameter (  8682): CG32  CG2O  CG31  CG32 is replaced
 PARRDR> Error: Repeated DIHE parameter (  8683): CG32  CG2O  CG31  CG32 is replaced
 PARRDR> Error: Repeated DIHE parameter (  3633): CG33  CG2D  CG32  CG2O is replaced
 PARRDR> Error: Repeated DIHE parameter (  3634): CG33  CG2D  CG32  CG2O is replaced
 PARRDR> Error: Repeated DIHE parameter (  8732): OG2D  CG2O  CG31  CG2R is replaced
 PARRDR> Error: Repeated DIHE parameter (  8733): OG2D  CG2O  CG31  CG2R is replaced
 PARRDR> Error: Repeated DIHE parameter (  8734): OG2D  CG2O  CG31  CG2R is replaced
 PARRDR> Error: Repeated DIHE parameter (  8850): CG2O  CG2O  CG32  HGA2 is replaced
 PARRDR> Error: Repeated DIHE parameter ( 18612): CG2O  CG30  CG33  HGA3 is replaced
 PARRDR> Error: Repeated DIHE parameter ( 19641): CG2O  CG31  CG32  NG2S is replaced
 PARRDR> Error: Repeated DIHE parameter (  8231): OG2D  CG2O  CG31  CG2O is replaced
 PARRDR> Error: Repeated DIHE parameter ( 20196): HGA1  CG31  CG32  CG2O is replaced
 PARRDR> Error: Repeated DIHE parameter (  8726): OG2D  CG2O  CG31  CG2O is replaced
 PARRDR> Error: Repeated DIHE parameter (  8727): OG2D  CG2O  CG31  CG2O is replaced
 PARRDR> Error: Repeated DIHE parameter ( 14384): CG2R  CG2R  CG31  CG2O is replaced
 PARRDR> Error: Repeated DIHE parameter (  7924): OG31  CG2O  CG31  CG2O is replaced
 PARRDR> Error: Repeated DIHE parameter (  7925): OG31  CG2O  CG31  CG2O is replaced
 PARRDR> Error: Repeated DIHE parameter (  7926): OG31  CG2O  CG31  CG2O is replaced
 PARRDR> Error: Repeated DIHE parameter (  8485): CG32  CG2O  CG2O  OG2D is replaced
 PARRDR> Error: Repeated DIHE parameter (  8486): CG32  CG2O  CG2O  OG2D is replaced
 PARRDR> Error: Repeated DIHE parameter ( 18407): CG33  CG30  CG32  CG2O is replaced
 PARRDR> Error: Repeated DIHE parameter ( 20733): CG2O  CG31  NG2R  CG2R is replaced
 PARRDR> Error: Repeated DIHE parameter (  6877): NG2S  CG2O  CG31  CG2O is replaced
 PARRDR> Error: Repeated DIHE parameter (  6878): NG2S  CG2O  CG31  CG2O is replaced
 PARRDR> Error: Repeated DIHE parameter (  6879): NG2S  CG2O  CG31  CG2O is replaced
 PARRDR> Error: Repeated DIHE parameter (  6880): NG2S  CG2O  CG31  CG2O is replaced
 PARRDR> Error: Repeated DIHE parameter (  6930): OG2D  CG2O  CG31  CG2O is replaced
 PARRDR> Error: Repeated DIHE parameter (  6931): OG2D  CG2O  CG31  CG2O is replaced
 PARRDR> Error: Repeated DIHE parameter ( 22512): CG2O  CG32  CG32  NG31 is replaced
 PARRDR> Error: Repeated DIHE parameter ( 22513): CG2O  CG32  CG32  NG31 is replaced
 PARRDR> Error: Repeated DIHE parameter ( 22514): CG2O  CG32  CG32  NG31 is replaced
 PARRDR> Error: Repeated DIHE parameter ( 22515): CG2O  CG32  CG32  NG31 is replaced
 PARRDR> Error: Repeated DIHE parameter ( 22512): CG2O  CG32  CG32  NG31 is replaced
 PARRDR> Error: Repeated DIHE parameter ( 22513): CG2O  CG32  CG32  NG31 is replaced
 PARRDR> Error: Repeated DIHE parameter ( 22514): CG2O  CG32  CG32  NG31 is replaced
 PARRDR> Error: Repeated DIHE parameter ( 22515): CG2O  CG32  CG32  NG31 is replaced
 PARRDR> Error: Repeated DIHE parameter ( 22512): CG2O  CG32  CG32  NG31 is replaced
 PARRDR> Error: Repeated DIHE parameter ( 22513): CG2O  CG32  CG32  NG31 is replaced
 PARRDR> Error: Repeated DIHE parameter ( 22514): CG2O  CG32  CG32  NG31 is replaced
 PARRDR> Error: Repeated DIHE parameter ( 22515): CG2O  CG32  CG32  NG31 is replaced
 PARRDR> Error: Repeated DIHE parameter ( 22512): CG2O  CG32  CG32  NG31 is replaced
 PARRDR> Error: Repeated DIHE parameter ( 22513): CG2O  CG32  CG32  NG31 is replaced
 PARRDR> Error: Repeated DIHE parameter ( 22514): CG2O  CG32  CG32  NG31 is replaced
 PARRDR> Error: Repeated DIHE parameter ( 22515): CG2O  CG32  CG32  NG31 is replaced
 PARRDR> Error: Repeated DIHE parameter ( 22512): CG2O  CG32  CG32  NG31 is replaced
 PARRDR> Error: Repeated DIHE parameter ( 22513): CG2O  CG32  CG32  NG31 is replaced
 PARRDR> Error: Repeated DIHE parameter ( 22514): CG2O  CG32  CG32  NG31 is replaced
 PARRDR> Error: Repeated DIHE parameter ( 22515): CG2O  CG32  CG32  NG31 is replaced
 PARRDR> Error: Repeated DIHE parameter ( 19670): CG2O  CG31  CG32  CG2O is replaced
 PARRDR> Error: Repeated DIHE parameter (  8879): CG30  CG2O  CG32  CG32 is replaced
 PARRDR> Error: Repeated DIHE parameter (  8880): CG30  CG2O  CG32  CG32 is replaced
 PARRDR> Error: Repeated DIHE parameter (  8881): CG30  CG2O  CG32  CG32 is replaced
 PARRDR> Error: Repeated DIHE parameter (  8882): CG30  CG2O  CG32  CG32 is replaced
 PARRDR> Error: Repeated DIHE parameter (  8879): CG30  CG2O  CG32  CG32 is replaced
 PARRDR> Error: Repeated DIHE parameter (  8880): CG30  CG2O  CG32  CG32 is replaced
 PARRDR> Error: Repeated DIHE parameter (  8881): CG30  CG2O  CG32  CG32 is replaced
 PARRDR> Error: Repeated DIHE parameter (  8882): CG30  CG2O  CG32  CG32 is replaced
 PARRDR> Error: Repeated DIHE parameter (  8879): CG30  CG2O  CG32  CG32 is replaced
 PARRDR> Error: Repeated DIHE parameter (  8880): CG30  CG2O  CG32  CG32 is replaced
 PARRDR> Error: Repeated DIHE parameter (  8881): CG30  CG2O  CG32  CG32 is replaced
 PARRDR> Error: Repeated DIHE parameter (  8882): CG30  CG2O  CG32  CG32 is replaced
 PARRDR> Error: Repeated DIHE parameter (  8879): CG30  CG2O  CG32  CG32 is replaced
 PARRDR> Error: Repeated DIHE parameter (  8880): CG30  CG2O  CG32  CG32 is replaced
 PARRDR> Error: Repeated DIHE parameter (  8881): CG30  CG2O  CG32  CG32 is replaced
 PARRDR> Error: Repeated DIHE parameter (  8882): CG30  CG2O  CG32  CG32 is replaced
 PARRDR> Error: Repeated DIHE parameter (  8905): CG31  CG2O  CG32  CG32 is replaced
 PARRDR> Error: Repeated DIHE parameter (  8906): CG31  CG2O  CG32  CG32 is replaced
 PARRDR> Error: Repeated DIHE parameter (  8907): CG31  CG2O  CG32  CG32 is replaced
 PARRDR> Error: Repeated DIHE parameter (  8908): CG31  CG2O  CG32  CG32 is replaced
 PARRDR> Error: Repeated DIHE parameter (  8905): CG31  CG2O  CG32  CG32 is replaced
 PARRDR> Error: Repeated DIHE parameter (  8906): CG31  CG2O  CG32  CG32 is replaced
 PARRDR> Error: Repeated DIHE parameter (  8907): CG31  CG2O  CG32  CG32 is replaced
 PARRDR> Error: Repeated DIHE parameter (  8908): CG31  CG2O  CG32  CG32 is replaced
 PARRDR> Error: Repeated DIHE parameter (  8905): CG31  CG2O  CG32  CG32 is replaced
 PARRDR> Error: Repeated DIHE parameter (  8906): CG31  CG2O  CG32  CG32 is replaced
 PARRDR> Error: Repeated DIHE parameter (  8907): CG31  CG2O  CG32  CG32 is replaced
 PARRDR> Error: Repeated DIHE parameter (  8908): CG31  CG2O  CG32  CG32 is replaced
 PARRDR> Error: Repeated DIHE parameter (  8905): CG31  CG2O  CG32  CG32 is replaced
 PARRDR> Error: Repeated DIHE parameter (  8906): CG31  CG2O  CG32  CG32 is replaced
 PARRDR> Error: Repeated DIHE parameter (  8907): CG31  CG2O  CG32  CG32 is replaced
 PARRDR> Error: Repeated DIHE parameter (  8908): CG31  CG2O  CG32  CG32 is replaced
 PARRDR> Error: Repeated DIHE parameter ( 18334): CG2O  CG30  CG32  CG30 is replaced
 PARRDR> Error: Repeated DIHE parameter ( 18335): CG2O  CG30  CG32  CG30 is replaced
 PARRDR> Error: Repeated DIHE parameter ( 18336): CG2O  CG30  CG32  CG31 is replaced
 PARRDR> Error: Repeated DIHE parameter ( 19982): NG31  CG31  CG32  CG2O is replaced
 PARRDR> Error: Repeated DIHE parameter ( 19983): NG31  CG31  CG32  CG2O is replaced
 PARRDR> Error: Repeated DIHE parameter ( 19984): NG31  CG31  CG32  CG2O is replaced
 PARRDR> Error: Repeated DIHE parameter (  7038): NG2S  CG2O  CG32  CG2O is replaced
 PARRDR> Error: Repeated DIHE parameter (  7039): NG2S  CG2O  CG32  CG2O is replaced
 PARRDR> Error: Repeated DIHE parameter (  7040): NG2S  CG2O  CG32  CG2O is replaced
 PARRDR> Error: Repeated DIHE parameter ( 20038): OG31  CG31  CG32  CG2O is replaced
 PARRDR> Error: Repeated DIHE parameter ( 24204): CG31  CG32  NG31  CG32 is replaced
 PARRDR> Error: Repeated DIHE parameter ( 24205): CG31  CG32  NG31  CG32 is replaced
 PARRDR> Error: Repeated DIHE parameter ( 24206): CG31  CG32  NG31  CG32 is replaced
 PARRDR> Error: Repeated DIHE parameter ( 24204): CG31  CG32  NG31  CG32 is replaced
 PARRDR> Error: Repeated DIHE parameter ( 24205): CG31  CG32  NG31  CG32 is replaced
 PARRDR> Error: Repeated DIHE parameter ( 24206): CG31  CG32  NG31  CG32 is replaced
 PARRDR> Error: Repeated DIHE parameter ( 24204): CG31  CG32  NG31  CG32 is replaced
 PARRDR> Error: Repeated DIHE parameter ( 24205): CG31  CG32  NG31  CG32 is replaced
 PARRDR> Error: Repeated DIHE parameter ( 24206): CG31  CG32  NG31  CG32 is replaced
 PARRDR> Error: Repeated DIHE parameter ( 20217): HGA1  CG31  CG32  NG31 is replaced
 PARRDR> Error: Repeated DIHE parameter ( 24211): CG31  CG32  NG31  HGPA is replaced
 PARRDR> Error: Repeated DIHE parameter ( 22553): CG2R  CG32  CG32  NG31 is replaced
 PARRDR> Error: Repeated DIHE parameter ( 19873): CG33  CG31  CG32  NG31 is replaced
 PARRDR> Error: Repeated DIHE parameter ( 19821): CG32  CG31  CG32  NG31 is replaced
 PARRDR> Error: Repeated DIHE parameter (  3643): CG33  CG2D  CG32  NG31 is replaced
 PARRDR> Error: Repeated DIHE parameter (  3644): CG33  CG2D  CG32  NG31 is replaced
 PARRDR> Error: Repeated DIHE parameter (  3645): CG33  CG2D  CG32  NG31 is replaced
 PARRDR> Error: Repeated DIHE parameter ( 24200): CG30  CG32  NG31  HGPA is replaced
 PARRDR> Error: Repeated DIHE parameter ( 24197): CG30  CG32  NG31  CG32 is replaced
 PARRDR> Error: Repeated DIHE parameter ( 24198): CG30  CG32  NG31  CG32 is replaced
 PARRDR> Error: Repeated DIHE parameter ( 24199): CG30  CG32  NG31  CG32 is replaced
 PARRDR> Error: Repeated DIHE parameter ( 24197): CG30  CG32  NG31  CG32 is replaced
 PARRDR> Error: Repeated DIHE parameter ( 24198): CG30  CG32  NG31  CG32 is replaced
 PARRDR> Error: Repeated DIHE parameter ( 24199): CG30  CG32  NG31  CG32 is replaced
 PARRDR> Error: Repeated DIHE parameter ( 24197): CG30  CG32  NG31  CG32 is replaced
 PARRDR> Error: Repeated DIHE parameter ( 24198): CG30  CG32  NG31  CG32 is replaced
 PARRDR> Error: Repeated DIHE parameter ( 24199): CG30  CG32  NG31  CG32 is replaced
 PARRDR> Error: Repeated DIHE parameter ( 18395): CG32  CG30  CG32  NG31 is replaced
 PARRDR> Error: Repeated DIHE parameter ( 18395): CG32  CG30  CG32  NG31 is replaced
 PARRDR> Error: Repeated DIHE parameter ( 18425): CG33  CG30  CG32  NG31 is replaced
 PARRDR> Error: Repeated DIHE parameter ( 18426): CG33  CG30  CG32  NG31 is replaced
 PARRDR> Error: Repeated DIHE parameter ( 18425): CG33  CG30  CG32  NG31 is replaced
 PARRDR> Error: Repeated DIHE parameter ( 18426): CG33  CG30  CG32  NG31 is replaced
 PARRDR> Error: Repeated DIHE parameter (  8744): OG2D  CG2O  CG31  CG31 is replaced
 PARRDR> Error: Repeated DIHE parameter (  8745): OG2D  CG2O  CG31  CG31 is replaced
 PARRDR> Error: Repeated DIHE parameter (  8746): OG2D  CG2O  CG31  CG31 is replaced
 PARRDR> Error: Repeated DIHE parameter (  8747): OG2D  CG2O  CG31  CG31 is replaced
 PARRDR> Error: Repeated DIHE parameter (  8744): OG2D  CG2O  CG31  CG31 is replaced
 PARRDR> Error: Repeated DIHE parameter (  8745): OG2D  CG2O  CG31  CG31 is replaced
 PARRDR> Error: Repeated DIHE parameter (  8746): OG2D  CG2O  CG31  CG31 is replaced
 PARRDR> Error: Repeated DIHE parameter (  8747): OG2D  CG2O  CG31  CG31 is replaced
 PARRDR> Error: Repeated DIHE parameter (  8744): OG2D  CG2O  CG31  CG31 is replaced
 PARRDR> Error: Repeated DIHE parameter (  8745): OG2D  CG2O  CG31  CG31 is replaced
 PARRDR> Error: Repeated DIHE parameter (  8746): OG2D  CG2O  CG31  CG31 is replaced
 PARRDR> Error: Repeated DIHE parameter (  8747): OG2D  CG2O  CG31  CG31 is replaced
 PARRDR> Error: Repeated DIHE parameter (  8744): OG2D  CG2O  CG31  CG31 is replaced
 PARRDR> Error: Repeated DIHE parameter (  8745): OG2D  CG2O  CG31  CG31 is replaced
 PARRDR> Error: Repeated DIHE parameter (  8746): OG2D  CG2O  CG31  CG31 is replaced
 PARRDR> Error: Repeated DIHE parameter (  8747): OG2D  CG2O  CG31  CG31 is replaced
 PARRDR> Error: Repeated DIHE parameter ( 19749): CG31  CG31  CG32  CG2O is replaced
 PARRDR> Error: Repeated DIHE parameter ( 19749): CG31  CG31  CG32  CG2O is replaced
 PARRDR> Error: Repeated DIHE parameter ( 19749): CG31  CG31  CG32  CG2O is replaced
 PARRDR> Error: Repeated DIHE parameter ( 19749): CG31  CG31  CG32  CG2O is replaced
 PARRDR> Error: Repeated DIHE parameter ( 19749): CG31  CG31  CG32  CG2O is replaced
 PARRDR> Error: Repeated DIHE parameter ( 18980): CG32  CG30  OG31  HGP1 is replaced
 PARRDR> Error: Repeated DIHE parameter ( 18981): CG32  CG30  OG31  HGP1 is replaced
 PARRDR> Error: Repeated DIHE parameter ( 18982): CG32  CG30  OG31  HGP1 is replaced
 PARRDR> Error: Repeated DIHE parameter ( 18980): CG32  CG30  OG31  HGP1 is replaced
 PARRDR> Error: Repeated DIHE parameter ( 18981): CG32  CG30  OG31  HGP1 is replaced
 PARRDR> Error: Repeated DIHE parameter ( 18982): CG32  CG30  OG31  HGP1 is replaced
 PARRDR> Error: Repeated DIHE parameter ( 18980): CG32  CG30  OG31  HGP1 is replaced
 PARRDR> Error: Repeated DIHE parameter ( 18981): CG32  CG30  OG31  HGP1 is replaced
 PARRDR> Error: Repeated DIHE parameter ( 18982): CG32  CG30  OG31  HGP1 is replaced
 PARRDR> Error: Repeated DIHE parameter ( 18511): OG31  CG30  CG32  HGA2 is replaced
 PARRDR> Error: Repeated DIHE parameter ( 18501): OG31  CG30  CG32  CG32 is replaced
 PARRDR> Error: Repeated DIHE parameter ( 19240): CG2R  CG31  CG31  CG32 is replaced
 PARRDR> Error: Repeated DIHE parameter ( 19229): CG2O  CG31  CG31  CG32 is replaced
 PARRDR> Error: Repeated DIHE parameter ( 19230): CG2O  CG31  CG31  CG33 is replaced
 PARRDR> Error: Repeated DIHE parameter ( 19236): CG2O  CG31  CG31  HGA1 is replaced
 PARRDR> Error: Repeated DIHE parameter (  7872): OG2D  CG2O  CG30  CG31 is replaced
 PARRDR> Error: Repeated DIHE parameter ( 19241): CG2R  CG31  CG31  CG33 is replaced
 PARRDR> Error: Repeated DIHE parameter ( 18168): CG2O  CG30  CG31  HGA1 is replaced
 PARRDR> Error: Repeated DIHE parameter ( 14389): CG2R  CG2R  CG31  CG31 is replaced
 PARRDR> Error: Repeated DIHE parameter ( 19247): CG2R  CG31  CG31  HGA1 is replaced
 PARRDR> Error: Repeated DIHE parameter ( 18164): CG2O  CG30  CG31  CG32 is replaced
 PARRDR> Error: Repeated DIHE parameter ( 24582): CG30  CG32  OG31  HGP1 is replaced
 PARRDR> Error: Repeated DIHE parameter ( 24583): CG30  CG32  OG31  HGP1 is replaced
 PARRDR> Error: Repeated DIHE parameter ( 24584): CG30  CG32  OG31  HGP1 is replaced
 PARRDR> Error: Repeated DIHE parameter ( 24582): CG30  CG32  OG31  HGP1 is replaced
 PARRDR> Error: Repeated DIHE parameter ( 24583): CG30  CG32  OG31  HGP1 is replaced
 PARRDR> Error: Repeated DIHE parameter ( 24584): CG30  CG32  OG31  HGP1 is replaced
 PARRDR> Error: Repeated DIHE parameter ( 24582): CG30  CG32  OG31  HGP1 is replaced
 PARRDR> Error: Repeated DIHE parameter ( 24583): CG30  CG32  OG31  HGP1 is replaced
 PARRDR> Error: Repeated DIHE parameter ( 24584): CG30  CG32  OG31  HGP1 is replaced
 PARRDR> Error: Repeated DIHE parameter ( 18396): CG32  CG30  CG32  OG31 is replaced
 PARRDR> Error: Repeated DIHE parameter ( 19716): CG2R  CG31  CG32  OG31 is replaced
 PARRDR> Error: Repeated DIHE parameter ( 25100): CG32  CG32  CG33  HGA3 is replaced
 PARRDR> Error: Repeated DIHE parameter ( 22890): HGA2  CG32  CG32  CG33 is replaced
 PARRDR> Error: Repeated DIHE parameter ( 22889): HGA2  CG32  CG32  CG32 is replaced
 PARRDR> Error: Repeated DIHE parameter ( 21781): FGA2  CG31  CG31  FGA2 is replaced
 PARRDR> Error: Repeated DIHE parameter ( 18329): CG2O  CG30  CG32  CG30 is replaced
 PARRDR> Error: Repeated DIHE parameter ( 18331): CG2O  CG30  CG32  HGA2 is replaced
 PARRDR> Error: Repeated DIHE parameter (  8209): OG2D  CG2O  CG30  CG32 is replaced
 PARRDR> Error: Repeated DIHE parameter ( 18330): CG2O  CG30  CG32  CG31 is replaced
 PARRDR> Error: Repeated DIHE parameter (  8135): CG30  CG2O  OG31  HGP1 is replaced
 PARRDR> Error: Repeated DIHE parameter (  8208): OG2D  CG2O  CG30  CG2O is replaced
 PARRDR> Error: Repeated DIHE parameter (  8585): OG2D  CG2O  CG30  CG2O is replaced
 PARRDR> Error: Repeated DIHE parameter (  7876): OG31  CG2O  CG30  CG31 is replaced
 PARRDR> Error: Repeated DIHE parameter (  7877): OG31  CG2O  CG30  CG32 is replaced
 PARRDR> Error: Repeated DIHE parameter (  7878): OG31  CG2O  CG30  CG33 is replaced
 PARRDR> Error: Repeated DIHE parameter ( 22570): CG30  CG32  CG32  CG32 is replaced
 PARRDR> Error: Repeated DIHE parameter ( 22692): CG32  CG32  CG32  OG30 is replaced
 PARRDR> Error: Repeated DIHE parameter ( 22693): CG32  CG32  CG32  OG30 is replaced
 PARRDR> Error: Repeated DIHE parameter ( 22694): CG32  CG32  CG32  OG30 is replaced
 PARRDR> Error: Repeated DIHE parameter ( 22692): CG32  CG32  CG32  OG30 is replaced
 PARRDR> Error: Repeated DIHE parameter ( 22693): CG32  CG32  CG32  OG30 is replaced
 PARRDR> Error: Repeated DIHE parameter ( 22694): CG32  CG32  CG32  OG30 is replaced
 PARRDR> Error: Repeated DIHE parameter ( 20322): NG31  CG31  CG32  HGA2 is replaced
 PARRDR> Error: Repeated DIHE parameter ( 21193): CG32  CG31  NG31  HGPA is replaced
 PARRDR> Error: Repeated DIHE parameter ( 19313): CG32  CG31  CG31  CG32 is replaced
 PARRDR> Error: Repeated DIHE parameter ( 19350): CG32  CG31  CG31  CG33 is replaced
 PARRDR> Error: Repeated DIHE parameter ( 19363): CG32  CG31  CG31  HGA1 is replaced
 PARRDR> Error: Repeated DIHE parameter ( 20277): CG31  CG31  CG32  HGA2 is replaced
 PARRDR> Error: Repeated DIHE parameter ( 22690): CG32  CG32  CG32  NG31 is replaced
 PARRDR> Error: Repeated DIHE parameter ( 22691): CG32  CG32  CG32  NG31 is replaced
 PARRDR> Error: Repeated DIHE parameter ( 22502): CG2O  CG32  CG32  CG32 is replaced
 PARRDR> Error: Repeated DIHE parameter (  8684): CG32  CG2O  CG31  CG32 is replaced
 PARRDR> Error: Repeated DIHE parameter (  8685): CG32  CG2O  CG31  CG32 is replaced
 PARRDR> Error: Repeated DIHE parameter (  8686): CG32  CG2O  CG31  CG32 is replaced
 PARRDR> Error: Repeated DIHE parameter (  8687): CG32  CG2O  CG31  CG32 is replaced
 PARRDR> Error: Repeated DIHE parameter (  8688): CG32  CG2O  CG31  CG32 is replaced
 PARRDR> Error: Repeated DIHE parameter (  8684): CG32  CG2O  CG31  CG32 is replaced
 PARRDR> Error: Repeated DIHE parameter (  8685): CG32  CG2O  CG31  CG32 is replaced
 PARRDR> Error: Repeated DIHE parameter (  8686): CG32  CG2O  CG31  CG32 is replaced
 PARRDR> Error: Repeated DIHE parameter (  8687): CG32  CG2O  CG31  CG32 is replaced
 PARRDR> Error: Repeated DIHE parameter (  8688): CG32  CG2O  CG31  CG32 is replaced
 PARRDR> Error: Repeated DIHE parameter (  8684): CG32  CG2O  CG31  CG32 is replaced
 PARRDR> Error: Repeated DIHE parameter (  8685): CG32  CG2O  CG31  CG32 is replaced
 PARRDR> Error: Repeated DIHE parameter (  8686): CG32  CG2O  CG31  CG32 is replaced
 PARRDR> Error: Repeated DIHE parameter (  8687): CG32  CG2O  CG31  CG32 is replaced
 PARRDR> Error: Repeated DIHE parameter (  8688): CG32  CG2O  CG31  CG32 is replaced
 PARRDR> Error: Repeated DIHE parameter (  8684): CG32  CG2O  CG31  CG32 is replaced
 PARRDR> Error: Repeated DIHE parameter (  8685): CG32  CG2O  CG31  CG32 is replaced
 PARRDR> Error: Repeated DIHE parameter (  8686): CG32  CG2O  CG31  CG32 is replaced
 PARRDR> Error: Repeated DIHE parameter (  8687): CG32  CG2O  CG31  CG32 is replaced
 PARRDR> Error: Repeated DIHE parameter (  8688): CG32  CG2O  CG31  CG32 is replaced
 PARRDR> Error: Repeated DIHE parameter (  8756): OG2D  CG2O  CG31  CG32 is replaced
 PARRDR> Error: Repeated DIHE parameter (  8757): OG2D  CG2O  CG31  CG32 is replaced
 PARRDR> Error: Repeated DIHE parameter (  8758): OG2D  CG2O  CG31  CG32 is replaced
 PARRDR> Error: Repeated DIHE parameter (  8759): OG2D  CG2O  CG31  CG32 is replaced
 PARRDR> Error: Repeated DIHE parameter (  8760): OG2D  CG2O  CG31  CG32 is replaced
 PARRDR> Error: Repeated DIHE parameter (  8756): OG2D  CG2O  CG31  CG32 is replaced
 PARRDR> Error: Repeated DIHE parameter (  8757): OG2D  CG2O  CG31  CG32 is replaced
 PARRDR> Error: Repeated DIHE parameter (  8758): OG2D  CG2O  CG31  CG32 is replaced
 PARRDR> Error: Repeated DIHE parameter (  8759): OG2D  CG2O  CG31  CG32 is replaced
 PARRDR> Error: Repeated DIHE parameter (  8760): OG2D  CG2O  CG31  CG32 is replaced
 PARRDR> Error: Repeated DIHE parameter (  8756): OG2D  CG2O  CG31  CG32 is replaced
 PARRDR> Error: Repeated DIHE parameter (  8757): OG2D  CG2O  CG31  CG32 is replaced
 PARRDR> Error: Repeated DIHE parameter (  8758): OG2D  CG2O  CG31  CG32 is replaced
 PARRDR> Error: Repeated DIHE parameter (  8759): OG2D  CG2O  CG31  CG32 is replaced
 PARRDR> Error: Repeated DIHE parameter (  8760): OG2D  CG2O  CG31  CG32 is replaced
 PARRDR> Error: Repeated DIHE parameter (  8756): OG2D  CG2O  CG31  CG32 is replaced
 PARRDR> Error: Repeated DIHE parameter (  8757): OG2D  CG2O  CG31  CG32 is replaced
 PARRDR> Error: Repeated DIHE parameter (  8758): OG2D  CG2O  CG31  CG32 is replaced
 PARRDR> Error: Repeated DIHE parameter (  8759): OG2D  CG2O  CG31  CG32 is replaced
 PARRDR> Error: Repeated DIHE parameter (  8760): OG2D  CG2O  CG31  CG32 is replaced
 PARRDR> Error: Repeated DIHE parameter ( 20261): CG2O  CG31  CG32  HGA2 is replaced
 PARRDR> Error: Repeated DIHE parameter (  8943): CG32  CG2O  CG32  CG30 is replaced
 PARRDR> Error: Repeated DIHE parameter (  8944): CG32  CG2O  CG32  CG30 is replaced
 PARRDR> Error: Repeated DIHE parameter (  8945): CG32  CG2O  CG32  CG30 is replaced
 PARRDR> Error: Repeated DIHE parameter (  8946): CG32  CG2O  CG32  CG30 is replaced
 PARRDR> Error: Repeated DIHE parameter (  8943): CG32  CG2O  CG32  CG30 is replaced
 PARRDR> Error: Repeated DIHE parameter (  8944): CG32  CG2O  CG32  CG30 is replaced
 PARRDR> Error: Repeated DIHE parameter (  8945): CG32  CG2O  CG32  CG30 is replaced
 PARRDR> Error: Repeated DIHE parameter (  8946): CG32  CG2O  CG32  CG30 is replaced
 PARRDR> Error: Repeated DIHE parameter (  8943): CG32  CG2O  CG32  CG30 is replaced
 PARRDR> Error: Repeated DIHE parameter (  8944): CG32  CG2O  CG32  CG30 is replaced
 PARRDR> Error: Repeated DIHE parameter (  8945): CG32  CG2O  CG32  CG30 is replaced
 PARRDR> Error: Repeated DIHE parameter (  8946): CG32  CG2O  CG32  CG30 is replaced
 PARRDR> Error: Repeated DIHE parameter (  8943): CG32  CG2O  CG32  CG30 is replaced
 PARRDR> Error: Repeated DIHE parameter (  8944): CG32  CG2O  CG32  CG30 is replaced
 PARRDR> Error: Repeated DIHE parameter (  8945): CG32  CG2O  CG32  CG30 is replaced
 PARRDR> Error: Repeated DIHE parameter (  8946): CG32  CG2O  CG32  CG30 is replaced
 PARRDR> Error: Repeated DIHE parameter (  9013): OG2D  CG2O  CG32  CG30 is replaced
 PARRDR> Error: Repeated DIHE parameter (  9014): OG2D  CG2O  CG32  CG30 is replaced
 PARRDR> Error: Repeated DIHE parameter (  9015): OG2D  CG2O  CG32  CG30 is replaced
 PARRDR> Error: Repeated DIHE parameter (  9016): OG2D  CG2O  CG32  CG30 is replaced
 PARRDR> Error: Repeated DIHE parameter (  9013): OG2D  CG2O  CG32  CG30 is replaced
 PARRDR> Error: Repeated DIHE parameter (  9014): OG2D  CG2O  CG32  CG30 is replaced
 PARRDR> Error: Repeated DIHE parameter (  9015): OG2D  CG2O  CG32  CG30 is replaced
 PARRDR> Error: Repeated DIHE parameter (  9016): OG2D  CG2O  CG32  CG30 is replaced
 PARRDR> Error: Repeated DIHE parameter (  9013): OG2D  CG2O  CG32  CG30 is replaced
 PARRDR> Error: Repeated DIHE parameter (  9014): OG2D  CG2O  CG32  CG30 is replaced
 PARRDR> Error: Repeated DIHE parameter (  9015): OG2D  CG2O  CG32  CG30 is replaced
 PARRDR> Error: Repeated DIHE parameter (  9016): OG2D  CG2O  CG32  CG30 is replaced
 PARRDR> Error: Repeated DIHE parameter (  9013): OG2D  CG2O  CG32  CG30 is replaced
 PARRDR> Error: Repeated DIHE parameter (  9014): OG2D  CG2O  CG32  CG30 is replaced
 PARRDR> Error: Repeated DIHE parameter (  9015): OG2D  CG2O  CG32  CG30 is replaced
 PARRDR> Error: Repeated DIHE parameter (  9016): OG2D  CG2O  CG32  CG30 is replaced
 PARRDR> Error: Repeated DIHE parameter ( 18321): CG2O  CG30  CG32  CG2O is replaced
 PARRDR> Error: Repeated DIHE parameter ( 18322): CG2O  CG30  CG32  CG2O is replaced
 PARRDR> Error: Repeated DIHE parameter ( 18384): CG32  CG30  CG32  CG2O is replaced
 PARRDR> Error: Repeated DIHE parameter ( 18384): CG32  CG30  CG32  CG2O is replaced
 PARRDR> Error: Repeated DIHE parameter ( 18384): CG32  CG30  CG32  CG2O is replaced
 PARRDR> Error: Repeated DIHE parameter ( 18384): CG32  CG30  CG32  CG2O is replaced
 PARRDR> Error: Repeated DIHE parameter ( 18384): CG32  CG30  CG32  CG2O is replaced
 PARRDR> Error: Repeated DIHE parameter ( 19751): CG31  CG31  CG32  CG30 is replaced
 PARRDR> Error: Repeated DIHE parameter ( 19759): CG31  CG31  CG32  NG2S is replaced
 PARRDR> Error: Repeated DIHE parameter ( 18371): CG31  CG30  CG32  CG31 is replaced
 PARRDR> Error: Repeated DIHE parameter ( 20027): OG30  CG31  CG32  NG31 is replaced
 PARRDR> Error: Repeated DIHE parameter ( 20028): OG30  CG31  CG32  NG31 is replaced
 PARRDR> Error: Repeated DIHE parameter ( 23786): CG30  CG32  NG2S  CG2O is replaced
 PARRDR> Error: Repeated DIHE parameter ( 23787): CG30  CG32  NG2S  HGP1 is replaced
 PARRDR> Error: Repeated DIHE parameter ( 18423): CG33  CG30  CG32  NG2S is replaced
 PARRDR> Error: Repeated DIHE parameter ( 18409): CG33  CG30  CG32  CG2O is replaced
 PARRDR> Error: Repeated DIHE parameter ( 18409): CG33  CG30  CG32  CG2O is replaced
 PARRDR> Error: Repeated DIHE parameter ( 18409): CG33  CG30  CG32  CG2O is replaced
 PARRDR> Error: Repeated DIHE parameter ( 18409): CG33  CG30  CG32  CG2O is replaced
 PARRDR> Error: Repeated DIHE parameter ( 18409): CG33  CG30  CG32  CG2O is replaced
 PARRDR> Error: Repeated DIHE parameter ( 19761): CG31  CG31  CG32  NG31 is replaced
 PARRDR> Error: Repeated DIHE parameter ( 19991): NG31  CG31  CG32  NG31 is replaced
 PARRDR> Error: Repeated DIHE parameter ( 19992): NG31  CG31  CG32  NG31 is replaced
 PARRDR> Error: Repeated IMPH parameter (   246): CG2O  CG2R  OG2D  OG31 is replaced
 PARRDR> Error: Repeated IMPH parameter (   345): CG2O  CG31  CG33  OG2D is replaced
 PARRDR> Error: Repeated IMPH parameter (   325): CG2O  CG2O  CG32  OG2D is replaced
 PARRDR> Error: Repeated IMPH parameter (   340): CG2O  CG30  CG32  OG2D is replaced
 PARRDR> Error: Repeated IMPH parameter (   344): CG2O  CG31  CG32  OG2D is replaced
 PARRDR> Error: Repeated IMPH parameter (   252): CG2O  CG30  OG2D  OG31 is replaced
 PARMIO> NONBOND, HBOND lists and IMAGE atoms cleared.
  
 CHARMM>    RETURN
 VCLOSE: Closing unit   98 with status "KEEP"

                    RETURNING TO INPUT STREAM    99
  
 CHARMM>    stream toppar/toppar_all36_synthetic_polymer_patch.str
 VOPEN> Attempting to open::toppar/toppar_all36_synthetic_polymer_patch.str::
 OPNLGU> Unit 98 opened for READONLY access to toppar/toppar_all36_synthetic_polymer_patch.str

                    INPUT STREAM SWITCHING TO UNIT    98
 RDTITL> READ RTF CARD APPEND
 RDTITL> No title read.
 Parameter: IN1 <- "" <empty>
  
 CHARMM>    read rtf card append
 MAINIO> Residue topology file being read from unit  98.
 RDTITL> * TOPOLOGY FOR SYNTHETIC_POLYMER
 RDTITL> *
  
 CHARMM>     
  
 CHARMM>    return
 VCLOSE: Closing unit   98 with status "KEEP"

                    RETURNING TO INPUT STREAM    99
  
 CHARMM>    stream toppar/toppar_all36_polymer_solvent.str
 VOPEN> Attempting to open::toppar/toppar_all36_polymer_solvent.str::
 OPNLGU> Unit 98 opened for READONLY access to toppar/toppar_all36_polymer_solvent.str

                    INPUT STREAM SWITCHING TO UNIT    98
 RDTITL> READ RTF CARD APPEND
 RDTITL> No title read.
 Parameter: IN1 <- "" <empty>
  
 CHARMM>    read rtf card append
 MAINIO> Residue topology file being read from unit  98.
 RDTITL> * TOPOLOGY FOR SYNTHETIC_POLYMER
 RDTITL> *
  
 CHARMM>    read param card flex append

          PARAMETER FILE BEING READ FROM UNIT 98
 RDTITL> * SYNTHETIC POLYMER PARAMETER
 RDTITL> *
 PARMIO> NONBOND, HBOND lists and IMAGE atoms cleared.
  
 CHARMM>     
  
 CHARMM>    RETURN
 VCLOSE: Closing unit   98 with status "KEEP"

                    RETURNING TO INPUT STREAM    99
  
 CHARMM>     
  
 CHARMM>    ! Additional topologies and parameters for water and ions
 CHARMM>    stream toppar/toppar_water_ions.str
 VOPEN> Attempting to open::toppar/toppar_water_ions.str::
 OPNLGU> Unit 98 opened for READONLY access to toppar/toppar_water_ions.str

                    INPUT STREAM SWITCHING TO UNIT    98
 RDTITL> * TOPLOGY AND PARAMETER INFORMATION FOR WATER AND IONS.
 RDTITL> *
 Parameter: IN1 <- "" <empty>
  
 CHARMM>     
  
 CHARMM>    !Testcase
 CHARMM>    !test_water_ions.inp
 CHARMM>     
  
 CHARMM>    ! IMPORTANT NOTE: this file contains NBFixes between carboxylates and sodium,
 CHARMM>    ! which will only apply if the main files containing carboxylate atom types
 CHARMM>    ! have been read in first!
 CHARMM>     
  
 CHARMM>    !references
 CHARMM>    !
 CHARMM>    !TIP3P water model
 CHARMM>    !
 CHARMM>    !W.L. Jorgensen; J.Chandrasekhar; J.D. Madura; R.W. Impey;
 CHARMM>    !M.L. Klein; "Comparison of simple potential functions for
 CHARMM>    !simulating liquid water", J. Chem. Phys. 79 926-935 (1983).
 CHARMM>    !
 CHARMM>    !IONS
 CHARMM>    !
 CHARMM>    !Ions from Roux and coworkers
 CHARMM>    !
 CHARMM>    !Beglov, D. and Roux, B., Finite Representation of an Infinite
 CHARMM>    !Bulk System: Solvent Boundary Potential for Computer Simulations,
 CHARMM>    !Journal of Chemical Physics, 1994, 100: 9050-9063
 CHARMM>    !
 CHARMM>    !ZINC
 CHARMM>    !
 CHARMM>    !Stote, R.H. and Karplus, M. Zinc Binding in Proteins and
 CHARMM>    !Solution: A Simple but Accurate Nonbonded Representation, PROTEINS:
 CHARMM>    !Structure, Function, and Genetics 23:12-31 (1995)
 CHARMM>     
  
 CHARMM>    !test "append" to determine if previous toppar files have been read and
 CHARMM>    !add append to "read rtf card" if true
 CHARMM>    set nat ?NATC
 RDCMND substituted energy or value "?NATC" to "473"
 Parameter: NAT <- "473"
  
 CHARMM>    set app
 Parameter: APP <- "" <empty>
  
 CHARMM>    !We're exploiting what is arguably a bug in the parser. On the left hand side,
 CHARMM>    !the quotes have priority, so NAT is correctly substituted. On the right hand
 CHARMM>    !side, the ? has priority and NATC" (sic) is not a valid substitution...
 CHARMM>    if "@NAT" ne "?NATC" if @nat ne 0 set app append
 Parameter: NAT -> "473"
 Parameter: NAT -> "473"
 RDCMND: can not substitute energy "?NATC""
 Comparing ""473"" and ""?NATC"".
 IF test evaluated as true.  Performing command
 Comparing "473" and "0".
 IF test evaluated as true.  Performing command
 Parameter: APP <- "APPEND"
  
 CHARMM>     
  
 CHARMM>    read rtf card @app
 Parameter: APP -> "APPEND"
 MAINIO> Residue topology file being read from unit  98.
 RDTITL> * TOPOLOGY FOR WATER AND IONS
 RDTITL> *
  
 CHARMM>     
  
 CHARMM>    read para card flex @app
 Parameter: APP -> "APPEND"

          PARAMETER FILE BEING READ FROM UNIT 98
 RDTITL> * PARAMETERS FOR WATER AND IONS
 RDTITL> *
 PARMIO> NONBOND, HBOND lists and IMAGE atoms cleared.
  
 CHARMM>     
  
 CHARMM>    ! The following section contains NBFixes for sodium interacting with
 CHARMM>    ! carboxylate oxygens of various CHARMM force fields. It will generate
 CHARMM>    ! level -1 warnings whenever any of these force fields have not been
 CHARMM>    ! read prior to the current stream file. Since we don't want to force
 CHARMM>    ! the user to always read all the force fields, we're suppressing the
 CHARMM>    ! warnings. The only side effect is that you will have "most severe
 CHARMM>    ! warning was at level 0" at the end of your output. Also note that
 CHARMM>    ! the user is responsible for reading the current file last if they
 CHARMM>    ! want the NBFixes to apply. A more elegant solution would require new
 CHARMM>    ! features to be added to CHARMM.
 CHARMM>    ! parallel fix, to avoid duplicated messages in the log
 CHARMM>    set para
 Parameter: PARA <- "" <empty>
  
 CHARMM>    if ?NUMNODE gt 1 set para node 0
 RDCMND substituted energy or value "?NUMNODE" to "1"
 Comparing "1" and "1".
 IF test evaluated as false.  Skipping command
  
 CHARMM>     
  
 CHARMM>    set wrn ?WRNLEV
 RDCMND substituted energy or value "?WRNLEV" to "5"
 Parameter: WRN <- "5"
  
 CHARMM>    ! Some versions of CHARMM don't seem to initialize wrnlev...
 CHARMM>    if "@WRN" eq "?WRNLEV" set wrn 5
 Parameter: WRN -> "5"
 RDCMND: can not substitute energy "?WRNLEV""
 Comparing ""5"" and ""?WRNLEV"".
 IF test evaluated as false.  Skipping command
  
 CHARMM>    set bom ?bomlev
 RDCMND substituted energy or value "?BOMLEV" to "0"
 Parameter: BOM <- "0"
  
 CHARMM>    WRNLEV -1 @PARA
 Parameter: PARA -> "" <empty>
  
 CHARMM>    BOMLEV -1 @PARA
 Parameter: PARA -> "" <empty>
  
 CHARMM>    read para card flex append

          PARAMETER FILE BEING READ FROM UNIT 98
 RDTITL> * NBFIX BETWEEN CARBOXYLATE AND SODIUM
 RDTITL> *
 PARMIO> NONBOND, HBOND lists and IMAGE atoms cleared.
  
 CHARMM>    BOMLEV @bom @PARA
 Parameter: BOM -> "0"
 Parameter: PARA -> "" <empty>
  
 CHARMM>    WRNLEV @wrn @PARA
 Parameter: WRN -> "5"
 Parameter: PARA -> "" <empty>
  
 CHARMM>     
  
 CHARMM>    return
 VCLOSE: Closing unit   98 with status "KEEP"

                    RETURNING TO INPUT STREAM    99
  
 CHARMM>    stream toppar/toppar_dum_noble_gases.str
 VOPEN> Attempting to open::toppar/toppar_dum_noble_gases.str::
 OPNLGU> Unit 98 opened for READONLY access to toppar/toppar_dum_noble_gases.str

                    INPUT STREAM SWITCHING TO UNIT    98
 RDTITL> * TOPLOGY AND PARAMETER INFORMATION FOR HELIUM, NEON AND A DUMMY ATOM.
 RDTITL> *
 Parameter: IN1 <- "" <empty>
  
 CHARMM>     
  
 CHARMM>    !Testcase
 CHARMM>    !test_dum_nobel_gases.inp
 CHARMM>     
  
 CHARMM>    !test "append" to determine if previous	toppar files have been read and
 CHARMM>    !add append to "read rtf card" if true
 CHARMM>    set nat ?NATC
 RDCMND substituted energy or value "?NATC" to "487"
 Parameter: NAT <- "487"
  
 CHARMM>    set app
 Parameter: APP <- "" <empty>
  
 CHARMM>    !We're exploiting what is arguably a bug in the parser. On the left hand side,
 CHARMM>    !the quotes have proirity, so NAT is correctly substituted. On the right hand
 CHARMM>    !side, the ? has priority and NATC" (sic) is not a valid substitution...
 CHARMM>    if "@NAT" ne "?NATC" if @nat ne 0 set app append
 Parameter: NAT -> "487"
 Parameter: NAT -> "487"
 RDCMND: can not substitute energy "?NATC""
 Comparing ""487"" and ""?NATC"".
 IF test evaluated as true.  Performing command
 Comparing "487" and "0".
 IF test evaluated as true.  Performing command
 Parameter: APP <- "APPEND"
  
 CHARMM>     
  
 CHARMM>    read rtf card @app
 Parameter: APP -> "APPEND"
 MAINIO> Residue topology file being read from unit  98.
 RDTITL> * TOPOLOGY FOR HELIUM, NEON AND A DUMMY ATOM.
 RDTITL> *
  
 CHARMM>     
  
 CHARMM>    read para card flex @app
 Parameter: APP -> "APPEND"

          PARAMETER FILE BEING READ FROM UNIT 98
 RDTITL> * PARAMETERS FOR HELIUM, NEON AND A DUMMY ATOM.
 RDTITL> *
 PARMIO> NONBOND, HBOND lists and IMAGE atoms cleared.
  
 CHARMM>     
  
 CHARMM>    return
 VCLOSE: Closing unit   98 with status "KEEP"

                    RETURNING TO INPUT STREAM    99
  
 CHARMM>    stream toppar/toppar_ions_won.str
 VOPEN> Attempting to open::toppar/toppar_ions_won.str::
 OPNLGU> Unit 98 opened for READONLY access to toppar/toppar_ions_won.str

                    INPUT STREAM SWITCHING TO UNIT    98
 RDTITL> * TOP_IONS_WON.STR: GENERAL MODEL FOR MONO-, DI-, AND TRIVALENT CATIONS
 RDTITL> *
 Parameter: IN1 <- "" <empty>
  
 CHARMM>     
  
 CHARMM>    !This is a comprehensive set of ions developed using stochastic boundary
 CHARMM>    !conditions. It is strongly recommended that ion parameters in
 CHARMM>    !toppar_water_ions.str be used if available, as they are more highly
 CHARMM>    !optimized.  Accordingly, those ions have been commented in this
 CHARMM>    !file.
 CHARMM>    !
 CHARMM>    !reference
 CHARMM>    !Won, Y., "Force Field for Monovalent, Divalent, and Trivalent Cations
 CHARMM>    !Developed under the Solvent Boundary Potential," Journal of Physical
 CHARMM>    !Chemistry A., 116: 11763-11767, 2012.
 CHARMM>     
  
 CHARMM>     
  
 CHARMM>    !test "append" to determine if previous toppar files have been read and
 CHARMM>    !add append to "read rtf card" if true
 CHARMM>    set nat ?NATC
 RDCMND substituted energy or value "?NATC" to "490"
 Parameter: NAT <- "490"
  
 CHARMM>    set app
 Parameter: APP <- "" <empty>
  
 CHARMM>    !We're exploiting what is arguably a bug in the parser. On the left hand side,
 CHARMM>    !the quotes have priority, so NAT is correctly substituted. On the right hand
 CHARMM>    !side, the ? has priority and NATC" (sic) is not a valid substitution...
 CHARMM>    if "@NAT" ne "?NATC" if @nat ne 0 set app append
 Parameter: NAT -> "490"
 Parameter: NAT -> "490"
 RDCMND: can not substitute energy "?NATC""
 Comparing ""490"" and ""?NATC"".
 IF test evaluated as true.  Performing command
 Comparing "490" and "0".
 IF test evaluated as true.  Performing command
 Parameter: APP <- "APPEND"
  
 CHARMM>     
  
 CHARMM>    read rtf card @app
 Parameter: APP -> "APPEND"
 MAINIO> Residue topology file being read from unit  98.
 RDTITL> * TOPOLOGY FOR WATER AND IONS
 RDTITL> *
  
 CHARMM>     
  
 CHARMM>    read para card flex @app
 Parameter: APP -> "APPEND"

          PARAMETER FILE BEING READ FROM UNIT 98
 RDTITL> * PAR_CATION.PRM FOR MONO-, DI-, AND TRIVALENT CATIONS
 RDTITL> *
 PARMIO> NONBOND, HBOND lists and IMAGE atoms cleared.
  
 VCLOSE: Closing unit   98 with status "KEEP"

                    RETURNING TO INPUT STREAM    99
  
 CHARMM>    stream toppar/cam.str
 VOPEN> Attempting to open::toppar/cam.str::
 OPNLGU> Unit 98 opened for READONLY access to toppar/cam.str

                    INPUT STREAM SWITCHING TO UNIT    98
 RDTITL> READ RTF CARD APPEND
 RDTITL> No title read.
 Parameter: IN1 <- "" <empty>
  
 CHARMM>    read rtf card append
 MAINIO> Residue topology file being read from unit  98.
 RDTITL> * TOPOLOGY GENERATED BY PARMED
 RDTITL> *

      ***** LEVEL  1 WARNING FROM <rtfrdr> *****
      ***** No AUTOgen defaults specified in appended RTF. Potential conflict with prior RTF autogen options. Check.
      ******************************************
      BOMLEV (  0) IS NOT REACHED. WRNLEV IS  5

  
 CHARMM>     
  
 CHARMM>    read para card flex append

          PARAMETER FILE BEING READ FROM UNIT 98
 RDTITL> * PARAMETERS GENERATED BY PARMED
 RDTITL> *
 PARMIO> NONBOND, HBOND lists and IMAGE atoms cleared.
  
 CHARMM>     
  
 CHARMM>    ! The following section contains NBFixes for CAM interacting with
 CHARMM>    ! water.
 CHARMM>    set para
 Parameter: PARA <- "" <empty>
  
 CHARMM>    if ?NUMNODE gt 1 set para node 0
 RDCMND substituted energy or value "?NUMNODE" to "1"
 Comparing "1" and "1".
 IF test evaluated as false.  Skipping command
  
 CHARMM>     
  
 CHARMM>    set wrn ?WRNLEV
 RDCMND substituted energy or value "?WRNLEV" to "5"
 Parameter: WRN <- "5"
  
 CHARMM>    ! Some versions of CHARMM don't seem to initialize wrnlev...
 CHARMM>    if "@WRN" eq "?WRNLEV" set wrn 5
 Parameter: WRN -> "5"
 RDCMND: can not substitute energy "?WRNLEV""
 Comparing ""5"" and ""?WRNLEV"".
 IF test evaluated as false.  Skipping command
  
 CHARMM>    set bom ?bomlev
 RDCMND substituted energy or value "?BOMLEV" to "0"
 Parameter: BOM <- "0"
  
 CHARMM>    WRNLEV -1 @PARA
 Parameter: PARA -> "" <empty>
  
 CHARMM>    BOMLEV -1 @PARA
 Parameter: PARA -> "" <empty>
  
 CHARMM>     
  
 CHARMM>    read para card flex append

          PARAMETER FILE BEING READ FROM UNIT 98
 RDTITL> * NBFIX BETWEEN CAM AND WATER
 RDTITL> *
 PARMIO> NONBOND, HBOND lists and IMAGE atoms cleared.
  
 CHARMM>    BOMLEV @bom @PARA
 Parameter: BOM -> "0"
 Parameter: PARA -> "" <empty>
  
 CHARMM>    WRNLEV @wrn @PARA
 Parameter: WRN -> "5"
 Parameter: PARA -> "" <empty>
  
 CHARMM>     
  
 CHARMM>    return
 VCLOSE: Closing unit   98 with status "KEEP"

                    RETURNING TO INPUT STREAM    99
  
 CHARMM>     
  
 CHARMM>    ! Additional topologies and parameters for protein
 CHARMM>    stream toppar/toppar_all36_prot_arg0.str
 VOPEN> Attempting to open::toppar/toppar_all36_prot_arg0.str::
 OPNLGU> Unit 98 opened for READONLY access to toppar/toppar_all36_prot_arg0.str

                    INPUT STREAM SWITCHING TO UNIT    98
 RDTITL> *>>>>>> ALL-HYDROGEN TOPOLOGY FOR NEUTRAL ARG <<<<<<<<<<<<<<<<<<<<
 RDTITL> *>>>>>>>>>>>>>>>>>>>>>>> 2007 <<<<<<<<<<<<<<<<<<<<<<<<<<<<<<<<<<<<
 RDTITL> *>>>>>>>> DIRECT COMMENTS TO ALEXANDER D. MACKERELL JR. <<<<<<<<<<
 RDTITL> *>>>>>>>>>>>>>>> PARAMETER FORUM, WWW.CHARMM.ORG <<<<<<<<<<<<<<<<<
 RDTITL> *
 Parameter: IN1 <- "" <empty>
  
 CHARMM>     
  
 CHARMM>    ! Atom names include "R" (for Arg) as the second letter. The
 CHARMM>    ! only other atom types in the additive FF with this second
 CHARMM>    ! letter are histidine [HN]R[123] in the protein FF and CRL[12]
 CHARMM>    ! in toppar_all36_lipid_cholesterol.str , so no more conflicts.
 CHARMM>     
  
 CHARMM>    !Parent files that have to be read prior to streaming this file
 CHARMM>    !top_all36_prot.rtf
 CHARMM>    !par_all36_prot.rtf
 CHARMM>    !
 CHARMM>    !Testcase
 CHARMM>    !test_all36_prot_arg0.inp
 CHARMM>     
  
 CHARMM>    !Li, L., Vorobyov, I.V., MacKerell, Jr., A.D., Allen, T.W., "Is
 CHARMM>    !arginine charged in a membrane?" Biophysical Journal, 94: L11-L13,
 CHARMM>    !2008, PMCID: PMC2157258
 CHARMM>     
  
 CHARMM>    read rtf card append
 MAINIO> Residue topology file being read from unit  98.
 RDTITL> * TOPOLOGY FOR PROTEIN RELATED MODEL COMPOUNDS
 RDTITL> *
*** WARNING **** residue MGU1 already exists (old one deleted)

      ***** LEVEL  1 WARNING FROM <RTFRDR> *****
      ***** Residue already exists.
      ******************************************
      BOMLEV (  0) IS NOT REACHED. WRNLEV IS  5

          RESI MGU1          0.00
*** WARNING **** residue MGU2 already exists (old one deleted)

      ***** LEVEL  1 WARNING FROM <RTFRDR> *****
      ***** Residue already exists.
      ******************************************
      BOMLEV (  0) IS NOT REACHED. WRNLEV IS  5

          RESI MGU2          0.00
 There were   2 warning(s) from RTFRDR.
  
 CHARMM>     
  
 CHARMM>    read param card flex append

          PARAMETER FILE BEING READ FROM UNIT 98
 RDTITL>  
 RDTITL> No title read.
 PARMIO> NONBOND, HBOND lists and IMAGE atoms cleared.
  
 CHARMM>     
  
 CHARMM>    return
 VCLOSE: Closing unit   98 with status "KEEP"

                    RETURNING TO INPUT STREAM    99
  
 CHARMM>    stream toppar/toppar_all36_prot_c36m_d_aminoacids.str
 VOPEN> Attempting to open::toppar/toppar_all36_prot_c36m_d_aminoacids.str::
 OPNLGU> Unit 98 opened for READONLY access to toppar/toppar_all36_prot_c36m_d_aminoacids.str

                    INPUT STREAM SWITCHING TO UNIT    98
 RDTITL> *>>>>>>CHARMM36 ALL-HYDROGEN TOPPAR FILE FOR D-PROTEINS <<<<<<<
 RDTITL> *>>>>>>>>>>>>>>>>>>>>>>>>>> JAN. 2016 <<<<<<<<<<<<<<<<<<<<<<<<<<<<
 RDTITL> * ALL COMMENTS TO THE CHARMM WEB SITE: WWW.CHARMM.ORG
 RDTITL> *             PARAMETER SET DISCUSSION FORUM
 RDTITL> *
 Parameter: IN1 <- "" <empty>
  
 CHARMM>     
  
 CHARMM>    !update 2016/2. use directly inverted CMAPs
 CHARMM>     
  
 CHARMM>    !toppar stream file for D-amino acids. Includes new residue
 CHARMM>    !names, inverted CMAP and additional parameters.
 CHARMM>     
  
 CHARMM>    !Parent files that have to be read prior to streaming this file
 CHARMM>    !top_all36_prot.rtf
 CHARMM>    !par_all36m_prot.prm
 CHARMM>    !
 CHARMM>    !Testcase
 CHARMM>    !test_all36_d_amino_acid.inp
 CHARMM>     
  
 CHARMM>    !test "append" to determine if previous toppar files have been read and
 CHARMM>    !add append to "read rtf card" if true
 CHARMM>    set nat ?NATC
 RDCMND substituted energy or value "?NATC" to "556"
 Parameter: NAT <- "556"
  
 CHARMM>    set app
 Parameter: APP <- "" <empty>
  
 CHARMM>    !We're exploiting what is arguably a bug in the parser. On the left hand side,
 CHARMM>    !the quotes have priority, so NAT is correctly substituted. On the right hand
 CHARMM>    !side, the ? has priority and NATC" (sic) is not a valid substitution...
 CHARMM>    if "@NAT" ne "?NATC" if @nat ne 0 set app append
 Parameter: NAT -> "556"
 Parameter: NAT -> "556"
 RDCMND: can not substitute energy "?NATC""
 Comparing ""556"" and ""?NATC"".
 IF test evaluated as true.  Performing command
 Comparing "556" and "0".
 IF test evaluated as true.  Performing command
 Parameter: APP <- "APPEND"
  
 CHARMM>     
  
 CHARMM>    read rtf card @app
 Parameter: APP -> "APPEND"
 MAINIO> Residue topology file being read from unit  98.
 RDTITL> * TOPOLOGY FOR D- AMINOACIDS
 RDTITL> *
  
 CHARMM>     
  
 CHARMM>    read para card flex @app
 Parameter: APP -> "APPEND"

          PARAMETER FILE BEING READ FROM UNIT 98
 RDTITL> * PARAMETERS FOR D- AMINOACIDS
 RDTITL> *
 PARMIO> NONBOND, HBOND lists and IMAGE atoms cleared.
  
 VCLOSE: Closing unit   98 with status "KEEP"

                    RETURNING TO INPUT STREAM    99
  
 CHARMM>    stream toppar/toppar_all36_prot_fluoro_alkanes.str
 VOPEN> Attempting to open::toppar/toppar_all36_prot_fluoro_alkanes.str::
 OPNLGU> Unit 98 opened for READONLY access to toppar/toppar_all36_prot_fluoro_alkanes.str

                    INPUT STREAM SWITCHING TO UNIT    98
 RDTITL> * TOPOLOGY AND PARAMETERS FOR FLUORINATED ALKANES.
 RDTITL> *
 Parameter: IN1 <- "" <empty>
  
 CHARMM>     
  
 CHARMM>    !These parameters are maintained for historic reasons.  The CGenFF
 CHARMM>    !halogen parameters are a significant improvement over these
 CHARMM>    !parameters.
 CHARMM>     
  
 CHARMM>    !Parent files that have to be read prior to streaming this file
 CHARMM>    !top_all36_prot.rtf
 CHARMM>    !par_all36_prot.prm
 CHARMM>     
  
 CHARMM>    !Testcase
 CHARMM>    !test_all36_prot_fluoro_alkanes.inp
 CHARMM>     
  
 CHARMM>    !Reference
 CHARMM>    !Chen, I.-J., Yin, D. and MacKerell, Jr., A.D., "Combined Ab
 CHARMM>    !initio/Empirical Approach for Optimization of Lennard-Jones Parameters
 CHARMM>    !for Polar-Neutral Compounds," Journal of Computational Chemistry,
 CHARMM>    !2002, 23:199-213.
 CHARMM>    !
 CHARMM>    !Note that these parameters are higly optimized to reproduce the
 CHARMM>    !corresponding condensed phase properties and have not been incorporated
 CHARMM>    !into the CHARMM22 or CHARMM27 biomolecular force fields
 CHARMM>     
  
 CHARMM>    read rtf card append
 MAINIO> Residue topology file being read from unit  98.
 RDTITL> * TOPOLOGY FOR FLUOROALKANES
 RDTITL> *
*** WARNING **** residue ETHA already exists (old one deleted)

      ***** LEVEL  1 WARNING FROM <RTFRDR> *****
      ***** Residue already exists.
      ******************************************
      BOMLEV (  0) IS NOT REACHED. WRNLEV IS  5

          RESI ETHA  0.0
*** WARNING **** residue FETH already exists (old one deleted)

      ***** LEVEL  1 WARNING FROM <RTFRDR> *****
      ***** Residue already exists.
      ******************************************
      BOMLEV (  0) IS NOT REACHED. WRNLEV IS  5

          RESI FETH  0.0
*** WARNING **** residue DFET already exists (old one deleted)

      ***** LEVEL  1 WARNING FROM <RTFRDR> *****
      ***** Residue already exists.
      ******************************************
      BOMLEV (  0) IS NOT REACHED. WRNLEV IS  5

          RESI DFET 0.0
*** WARNING **** residue TFET already exists (old one deleted)

      ***** LEVEL  1 WARNING FROM <RTFRDR> *****
      ***** Residue already exists.
      ******************************************
      BOMLEV (  0) IS NOT REACHED. WRNLEV IS  5

          RESI TFET  0.0
*** WARNING **** residue TFE  already exists (old one deleted)

      ***** LEVEL  1 WARNING FROM <RTFRDR> *****
      ***** Residue already exists.
      ******************************************
      BOMLEV (  0) IS NOT REACHED. WRNLEV IS  5

          RESI TFE   0.0
 There were   5 warning(s) from RTFRDR.
  
 CHARMM>     
  
 CHARMM>    read para card flex append

          PARAMETER FILE BEING READ FROM UNIT 98
 RDTITL> * FLUOROALKANE PARAMETERS
 RDTITL> *
 PARMIO> NONBOND, HBOND lists and IMAGE atoms cleared.
  
 CHARMM>     
  
 CHARMM>    return
 VCLOSE: Closing unit   98 with status "KEEP"

                    RETURNING TO INPUT STREAM    99
  
 CHARMM>    stream toppar/toppar_all36_prot_heme.str
 VOPEN> Attempting to open::toppar/toppar_all36_prot_heme.str::
 OPNLGU> Unit 98 opened for READONLY access to toppar/toppar_all36_prot_heme.str

                    INPUT STREAM SWITCHING TO UNIT    98
 RDTITL> * TOPOLOGY AND PARAMETER STREAM FILE FOR HEME AND RELATED
 RDTITL> * LIGANDS AND PATCHES.
 RDTITL> *
 Parameter: IN1 <- "" <empty>
  
 CHARMM>     
  
 CHARMM>    !updated 2016/2, allow for use of AUTOGENERATE ANGLE DIHEDRAl PATCH
 CHARMM>     
  
 CHARMM>    !Parent files that have to be read prior to streaming this file
 CHARMM>    !top_all36_prot.rtf
 CHARMM>    !par_all36_prot.prm
 CHARMM>     
  
 CHARMM>    !Testcase
 CHARMM>    !test_all36_prot_heme.inp
 CHARMM>     
  
 CHARMM>    read rtf card append
 MAINIO> Residue topology file being read from unit  98.
 RDTITL> * TOPOLOGY FOR HEME AND RELATED COMPOUNDS AND PATCHES
 RDTITL> *
*** WARNING **** residue CO2  already exists (old one deleted)

      ***** LEVEL  1 WARNING FROM <RTFRDR> *****
      ***** Residue already exists.
      ******************************************
      BOMLEV (  0) IS NOT REACHED. WRNLEV IS  5

          RESI CO2             0.00
 There were   1 warning(s) from RTFRDR.
  
 CHARMM>     
  
 CHARMM>    read para card flex append

          PARAMETER FILE BEING READ FROM UNIT 98
 RDTITL> * ADDITIONAL PARAMETERS FOR HEME
 RDTITL> *
 PARMIO> NONBOND, HBOND lists and IMAGE atoms cleared.
  
 CHARMM>     
  
 CHARMM>    return
 VCLOSE: Closing unit   98 with status "KEEP"

                    RETURNING TO INPUT STREAM    99
  
 CHARMM>    stream toppar/toppar_all36_prot_na_combined.str
 VOPEN> Attempting to open::toppar/toppar_all36_prot_na_combined.str::
 OPNLGU> Unit 98 opened for READONLY access to toppar/toppar_all36_prot_na_combined.str

                    INPUT STREAM SWITCHING TO UNIT    98
 RDTITL> * TOPOLOGY AND PARAMETER STREAM FILE FOR PATCHES TO CREATE
 RDTITL> * MODEL COMPOUNDS AND PATCHES THAT REQUIRE BOTH PROTEIN AND
 RDTITL> * NUCLEIC ACID TOPOLOGY AND PARAMETER INFORMATION
 RDTITL> *
 Parameter: IN1 <- "" <empty>
  
 CHARMM>     
  
 CHARMM>    !Parent files that have to be read prior to streaming this file
 CHARMM>    !top_all36_prot.rtf
 CHARMM>    !par_all36_prot.prm
 CHARMM>    !top_all36_na.rtf
 CHARMM>    !par_all36_na.prm
 CHARMM>    !stream/toppar_all36_prot_fluoro_alkanes.str ! atom types an parameters for fluorinated compounds
 CHARMM>     
  
 CHARMM>    !Testcase
 CHARMM>    !test_all36_prot_na_combined.inp
 CHARMM>     
  
 CHARMM>    !all patches must be followed by AUTOGENERATE ANGLES DIHEDRALS
 CHARMM>     
  
 CHARMM>    !PHOSPHOTYROSINE
 CHARMM>    !
 CHARMM>    !Feng, M.-H., Philippopoulos, M., MacKerell, Jr., A.D. and Lim, C.
 CHARMM>    !Structural Characterization of the Phosphotyrosine Binding Region of a
 CHARMM>    !High-Affinity aSH2 Domain-Phosphopeptide Complex by Molecular Dynamics
 CHARMM>    !Simulation and Chemical Shift Calculations. Journal of the American
 CHARMM>    !Chemical Society, 1996, 118: 11265-11277.
 CHARMM>     
  
 CHARMM>    read rtf card append
 MAINIO> Residue topology file being read from unit  98.
 RDTITL> * TOPOLOGY FOR PHOSPHORYLATED AMINO ACIDS
 RDTITL> *
*** WARNING **** residue THFI already exists (old one deleted)

      ***** LEVEL  1 WARNING FROM <RTFRDR> *****
      ***** Residue already exists.
      ******************************************
      BOMLEV (  0) IS NOT REACHED. WRNLEV IS  5

          RESI THFI       0.00
*** WARNING **** residue THMI already exists (old one deleted)

      ***** LEVEL  1 WARNING FROM <RTFRDR> *****
      ***** Residue already exists.
      ******************************************
      BOMLEV (  0) IS NOT REACHED. WRNLEV IS  5

          RESI THMI       0.00
*** WARNING **** residue THFA already exists (old one deleted)

      ***** LEVEL  1 WARNING FROM <RTFRDR> *****
      ***** Residue already exists.
      ******************************************
      BOMLEV (  0) IS NOT REACHED. WRNLEV IS  5

          RESI THFA        0.00
*** WARNING **** residue THAO already exists (old one deleted)

      ***** LEVEL  1 WARNING FROM <RTFRDR> *****
      ***** Residue already exists.
      ******************************************
      BOMLEV (  0) IS NOT REACHED. WRNLEV IS  5

          RESI THAO         0.00
*** WARNING **** residue RNUS already exists (old one deleted)

      ***** LEVEL  1 WARNING FROM <RTFRDR> *****
      ***** Residue already exists.
      ******************************************
      BOMLEV (  0) IS NOT REACHED. WRNLEV IS  5

          RESI RNUS         0.00
*** WARNING **** residue NUCL already exists (old one deleted)

      ***** LEVEL  1 WARNING FROM <RTFRDR> *****
      ***** Residue already exists.
      ******************************************
      BOMLEV (  0) IS NOT REACHED. WRNLEV IS  5

          RESI NUCL        -1.00
*** WARNING **** residue PPH1 already exists (old one deleted)

      ***** LEVEL  1 WARNING FROM <RTFRDR> *****
      ***** Residue already exists.
      ******************************************
      BOMLEV (  0) IS NOT REACHED. WRNLEV IS  5

          RESI PPH1      -1.00
*** WARNING **** residue BMPH already exists (old one deleted)

      ***** LEVEL  1 WARNING FROM <RTFRDR> *****
      ***** Residue already exists.
      ******************************************
      BOMLEV (  0) IS NOT REACHED. WRNLEV IS  5

          RESI BMPH      -1.00
*** WARNING **** residue BMPD already exists (old one deleted)

      ***** LEVEL  1 WARNING FROM <RTFRDR> *****
      ***** Residue already exists.
      ******************************************
      BOMLEV (  0) IS NOT REACHED. WRNLEV IS  5

          RESI BMPD      -2.00
*** WARNING **** residue BDFP already exists (old one deleted)

      ***** LEVEL  1 WARNING FROM <RTFRDR> *****
      ***** Residue already exists.
      ******************************************
      BOMLEV (  0) IS NOT REACHED. WRNLEV IS  5

          RESI BDFP      -1.00
*** WARNING **** residue BDFD already exists (old one deleted)

      ***** LEVEL  1 WARNING FROM <RTFRDR> *****
      ***** Residue already exists.
      ******************************************
      BOMLEV (  0) IS NOT REACHED. WRNLEV IS  5

          RESI BDFD -2.00
*** WARNING **** residue EP_2 already exists (old one deleted)

      ***** LEVEL  1 WARNING FROM <RTFRDR> *****
      ***** Residue already exists.
      ******************************************
      BOMLEV (  0) IS NOT REACHED. WRNLEV IS  5

          RESI EP_2        -2.00
*** WARNING **** residue IP_2 already exists (old one deleted)

      ***** LEVEL  1 WARNING FROM <RTFRDR> *****
      ***** Residue already exists.
      ******************************************
      BOMLEV (  0) IS NOT REACHED. WRNLEV IS  5

          RESI IP_2        -2.00
 There were  13 warning(s) from RTFRDR.
  
 CHARMM>     
  
 CHARMM>    read para card flex append

          PARAMETER FILE BEING READ FROM UNIT 98
 RDTITL> * ADDITIONAL PARAMETERS FOR PHOSPHORYLATED AMINO ACIDS
 RDTITL> *
 PARMIO> NONBOND, HBOND lists and IMAGE atoms cleared.
  
 VCLOSE: Closing unit   98 with status "KEEP"

                    RETURNING TO INPUT STREAM    99
  
 CHARMM>    stream toppar/toppar_all36_prot_retinol.str
 VOPEN> Attempting to open::toppar/toppar_all36_prot_retinol.str::
 OPNLGU> Unit 98 opened for READONLY access to toppar/toppar_all36_prot_retinol.str

                    INPUT STREAM SWITCHING TO UNIT    98
 RDTITL> * TOPPAR STREAM FILE FOR RETINOL AND RETINAL PARAMETERS
 RDTITL> * A. LOCCISANO, A.M.W., J. EVANSECK AND A.D. MACKERELL, JR.
 RDTITL> * APRIL, 2005
 RDTITL> *
 Parameter: IN1 <- "" <empty>
  
 CHARMM>     
  
 CHARMM>    !use with c36 protein force fields
 CHARMM>    !top_all36_prot.rtf
 CHARMM>    !par_all36_prot.prm
 CHARMM>     
  
 CHARMM>    read rtf card append
 MAINIO> Residue topology file being read from unit  98.
 RDTITL> * RETINAL/RETINOL AND RELATED MODEL COMPOUNDS
 RDTITL> *
*** WARNING **** residue BTE2 already exists (old one deleted)

      ***** LEVEL  1 WARNING FROM <RTFRDR> *****
      ***** Residue already exists.
      ******************************************
      BOMLEV (  0) IS NOT REACHED. WRNLEV IS  5

          RESI BTE2       0.00
*** WARNING **** residue 13DB already exists (old one deleted)

      ***** LEVEL  1 WARNING FROM <RTFRDR> *****
      ***** Residue already exists.
      ******************************************
      BOMLEV (  0) IS NOT REACHED. WRNLEV IS  5

          RESI 13DB       0.00
*** WARNING **** residue 13DP already exists (old one deleted)

      ***** LEVEL  1 WARNING FROM <RTFRDR> *****
      ***** Residue already exists.
      ******************************************
      BOMLEV (  0) IS NOT REACHED. WRNLEV IS  5

          RESI 13DP       0.00
*** WARNING **** residue DMB1 already exists (old one deleted)

      ***** LEVEL  1 WARNING FROM <RTFRDR> *****
      ***** Residue already exists.
      ******************************************
      BOMLEV (  0) IS NOT REACHED. WRNLEV IS  5

          RESI DMB1       0.00
*** WARNING **** residue DMP1 already exists (old one deleted)

      ***** LEVEL  1 WARNING FROM <RTFRDR> *****
      ***** Residue already exists.
      ******************************************
      BOMLEV (  0) IS NOT REACHED. WRNLEV IS  5

          RESI DMP1       0.00
*** WARNING **** residue DMP2 already exists (old one deleted)

      ***** LEVEL  1 WARNING FROM <RTFRDR> *****
      ***** Residue already exists.
      ******************************************
      BOMLEV (  0) IS NOT REACHED. WRNLEV IS  5

          RESI DMP2       0.00
*** WARNING **** residue CROT already exists (old one deleted)

      ***** LEVEL  1 WARNING FROM <RTFRDR> *****
      ***** Residue already exists.
      ******************************************
      BOMLEV (  0) IS NOT REACHED. WRNLEV IS  5

          RESI CROT       0.00
*** WARNING **** residue PACP already exists (old one deleted)

      ***** LEVEL  1 WARNING FROM <RTFRDR> *****
      ***** Residue already exists.
      ******************************************
      BOMLEV (  0) IS NOT REACHED. WRNLEV IS  5

          RESI PACP       0.00
*** WARNING **** residue MECH already exists (old one deleted)

      ***** LEVEL  1 WARNING FROM <RTFRDR> *****
      ***** Residue already exists.
      ******************************************
      BOMLEV (  0) IS NOT REACHED. WRNLEV IS  5

          RESI MECH       0.00
*** WARNING **** residue TMCH already exists (old one deleted)

      ***** LEVEL  1 WARNING FROM <RTFRDR> *****
      ***** Residue already exists.
      ******************************************
      BOMLEV (  0) IS NOT REACHED. WRNLEV IS  5

          RESI TMCH       0.00
*** WARNING **** residue FRET already exists (old one deleted)

      ***** LEVEL  1 WARNING FROM <RTFRDR> *****
      ***** Residue already exists.
      ******************************************
      BOMLEV (  0) IS NOT REACHED. WRNLEV IS  5

          RESI FRET       0.00
*** WARNING **** residue RTOL already exists (old one deleted)

      ***** LEVEL  1 WARNING FROM <RTFRDR> *****
      ***** Residue already exists.
      ******************************************
      BOMLEV (  0) IS NOT REACHED. WRNLEV IS  5

          RESI RTOL       0.00
*** WARNING **** residue RTAL already exists (old one deleted)

      ***** LEVEL  1 WARNING FROM <RTFRDR> *****
      ***** Residue already exists.
      ******************************************
      BOMLEV (  0) IS NOT REACHED. WRNLEV IS  5

          RESI RTAL       0.00
*** WARNING **** residue RTAC already exists (old one deleted)

      ***** LEVEL  1 WARNING FROM <RTFRDR> *****
      ***** Residue already exists.
      ******************************************
      BOMLEV (  0) IS NOT REACHED. WRNLEV IS  5

          RESI RTAC      -1.00
*** WARNING **** residue PRAC already exists (old one deleted)

      ***** LEVEL  1 WARNING FROM <RTFRDR> *****
      ***** Residue already exists.
      ******************************************
      BOMLEV (  0) IS NOT REACHED. WRNLEV IS  5

          RESI PRAC      -1.00
*** WARNING **** residue PROL already exists (old one deleted)

      ***** LEVEL  1 WARNING FROM <RTFRDR> *****
      ***** Residue already exists.
      ******************************************
      BOMLEV (  0) IS NOT REACHED. WRNLEV IS  5

          RESI PROL       0.00
*** WARNING **** residue PRAL already exists (old one deleted)

      ***** LEVEL  1 WARNING FROM <RTFRDR> *****
      ***** Residue already exists.
      ******************************************
      BOMLEV (  0) IS NOT REACHED. WRNLEV IS  5

          RESI PRAL       0.00
*** WARNING **** residue SCH1 already exists (old one deleted)

      ***** LEVEL  1 WARNING FROM <RTFRDR> *****
      ***** Residue already exists.
      ******************************************
      BOMLEV (  0) IS NOT REACHED. WRNLEV IS  5

          RESI SCH1       0.00
*** WARNING **** residue SCH2 already exists (old one deleted)

      ***** LEVEL  1 WARNING FROM <RTFRDR> *****
      ***** Residue already exists.
      ******************************************
      BOMLEV (  0) IS NOT REACHED. WRNLEV IS  5

          RESI SCH2       1.00
*** WARNING **** residue SCH3 already exists (old one deleted)

      ***** LEVEL  1 WARNING FROM <RTFRDR> *****
      ***** Residue already exists.
      ******************************************
      BOMLEV (  0) IS NOT REACHED. WRNLEV IS  5

          RESI SCH3       1.00
 There were  20 warning(s) from RTFRDR.
  
 CHARMM>     
  
 CHARMM>    read para card flex append

          PARAMETER FILE BEING READ FROM UNIT 98
 RDTITL> * RETINAL/RETINOL AND RELATED PARAMETERS
 RDTITL> *
 PARMIO> NONBOND, HBOND lists and IMAGE atoms cleared.
  
 CHARMM>     
  
 VCLOSE: Closing unit   98 with status "KEEP"

                    RETURNING TO INPUT STREAM    99
  
 CHARMM>    stream toppar/toppar_all36_prot_model.str
 VOPEN> Attempting to open::toppar/toppar_all36_prot_model.str::
 OPNLGU> Unit 98 opened for READONLY access to toppar/toppar_all36_prot_model.str

                    INPUT STREAM SWITCHING TO UNIT    98
 RDTITL> *>> ALL-HYDROGEN TOPOLOGY FOR SMALL MODEL COMPOUNDS USED IN THE <<
 RDTITL> *>> DEVELOPMENT OF THE CHARMM22 PROTEIN ALL-HYDROGEN PARAMETERS <<
 RDTITL> *>>>>>>>>>>>>>>>>>>>>>>> JULY 1997 <<<<<<<<<<<<<<<<<<<<<<<<<<<<<<<
 RDTITL> *>>>>>>>> DIRECT COMMENTS TO ALEXANDER D. MACKERELL JR. <<<<<<<<<<
 RDTITL> *>>>>>>>>>>>>>>> PARAMETER FORUM, WWW.CHARMM.ORG <<<<<<<<<<<<<<<<<
 RDTITL> *CONVERTED TO STREAM FORMAT, DECEMBER 2003
 RDTITL> *CONVERTED TO CHARMM36 PROTEIN ATOM TYPES, MAY 2011
 RDTITL> *
 Parameter: IN1 <- "" <empty>
  
 CHARMM>     
  
 CHARMM>    !Parent files that have to be read prior to streaming this file
 CHARMM>    !top_all36_prot.rtf
 CHARMM>    !par_all36_prot.prm
 CHARMM>    !
 CHARMM>    !Testcase
 CHARMM>    !test_all36_prot_model.inp
 CHARMM>     
  
 CHARMM>    !changes after 9/98
 CHARMM>    !
 CHARMM>    !change alkene HA1 and HA2 to HE1 and HE2
 CHARMM>    !
 CHARMM>    !improper atom ordering corrected
 CHARMM>    !
 CHARMM>    !version b5i to be consistent with protein toppar files
 CHARMM>    !
 CHARMM>    !Heme vinyl groups upgraded based on new butene parameters
 CHARMM>    !
 CHARMM>     
  
 CHARMM>    ! references
 CHARMM>    !
 CHARMM>    !PROTEINS
 CHARMM>    !
 CHARMM>    !MacKerell, Jr., A. D.; Bashford, D.; Bellott, M.; Dunbrack Jr., R.L.;
 CHARMM>    !Evanseck, J.D.; Field, M.J.; Fischer, S.; Gao, J.; Guo, H.; Ha, S.;
 CHARMM>    !Joseph-McCarthy, D.; Kuchnir, L.; Kuczera, K.; Lau, F.T.K.; Mattos,
 CHARMM>    !C.; Michnick, S.; Ngo, T.; Nguyen, D.T.; Prodhom, B.; Reiher, III,
 CHARMM>    !W.E.; Roux, B.; Schlenkrich, M.; Smith, J.C.; Stote, R.; Straub, J.;
 CHARMM>    !Watanabe, M.; Wiorkiewicz-Kuczera, J.; Yin, D.; Karplus, M.  All-atom
 CHARMM>    !empirical potential for molecular modeling and dynamics Studies of
 CHARMM>    !proteins.  Journal of Physical Chemistry B, 1998, 102, 3586-3616.
 CHARMM>     
  
 CHARMM>    read rtf card append
 MAINIO> Residue topology file being read from unit  98.
 RDTITL> * TOPOLOGY FOR PROTEIN RELATED MODEL COMPOUNDS
 RDTITL> *
*** WARNING **** residue ACET already exists (old one deleted)

      ***** LEVEL  1 WARNING FROM <RTFRDR> *****
      ***** Residue already exists.
      ******************************************
      BOMLEV (  0) IS NOT REACHED. WRNLEV IS  5

          RESI ACET       -1.00
*** WARNING **** residue PROA already exists (old one deleted)

      ***** LEVEL  1 WARNING FROM <RTFRDR> *****
      ***** Residue already exists.
      ******************************************
      BOMLEV (  0) IS NOT REACHED. WRNLEV IS  5

          RESI PROA       -1.00
*** WARNING **** residue GUAN already exists (old one deleted)

      ***** LEVEL  1 WARNING FROM <RTFRDR> *****
      ***** Residue already exists.
      ******************************************
      BOMLEV (  0) IS NOT REACHED. WRNLEV IS  5

          RESI GUAN        1.00
*** WARNING **** residue MGUA already exists (old one deleted)

      ***** LEVEL  1 WARNING FROM <RTFRDR> *****
      ***** Residue already exists.
      ******************************************
      BOMLEV (  0) IS NOT REACHED. WRNLEV IS  5

          RESI MGUA        1.00
*** WARNING **** residue GLYN already exists (old one deleted)

      ***** LEVEL  1 WARNING FROM <RTFRDR> *****
      ***** Residue already exists.
      ******************************************
      BOMLEV (  0) IS NOT REACHED. WRNLEV IS  5

          RESI GLYN         0.00
*** WARNING **** residue MAMM already exists (old one deleted)

      ***** LEVEL  1 WARNING FROM <RTFRDR> *****
      ***** Residue already exists.
      ******************************************
      BOMLEV (  0) IS NOT REACHED. WRNLEV IS  5

          RESI MAMM        1.00
*** WARNING **** residue EAMM already exists (old one deleted)

      ***** LEVEL  1 WARNING FROM <RTFRDR> *****
      ***** Residue already exists.
      ******************************************
      BOMLEV (  0) IS NOT REACHED. WRNLEV IS  5

          RESI EAMM        1.00
*** WARNING **** residue ACEH already exists (old one deleted)

      ***** LEVEL  1 WARNING FROM <RTFRDR> *****
      ***** Residue already exists.
      ******************************************
      BOMLEV (  0) IS NOT REACHED. WRNLEV IS  5

          RESI ACEH        0.00
*** WARNING **** residue MEOH already exists (old one deleted)

      ***** LEVEL  1 WARNING FROM <RTFRDR> *****
      ***** Residue already exists.
      ******************************************
      BOMLEV (  0) IS NOT REACHED. WRNLEV IS  5

          RESI MEOH        0.00
*** WARNING **** residue METO already exists (old one deleted)

      ***** LEVEL  1 WARNING FROM <RTFRDR> *****
      ***** Residue already exists.
      ******************************************
      BOMLEV (  0) IS NOT REACHED. WRNLEV IS  5

          RESI METO       -1.00
*** WARNING **** residue ETOH already exists (old one deleted)

      ***** LEVEL  1 WARNING FROM <RTFRDR> *****
      ***** Residue already exists.
      ******************************************
      BOMLEV (  0) IS NOT REACHED. WRNLEV IS  5

          RESI ETOH        0.00
*** WARNING **** residue ETO  already exists (old one deleted)

      ***** LEVEL  1 WARNING FROM <RTFRDR> *****
      ***** Residue already exists.
      ******************************************
      BOMLEV (  0) IS NOT REACHED. WRNLEV IS  5

          RESI ETO        -1.00
*** WARNING **** residue PRO2 already exists (old one deleted)

      ***** LEVEL  1 WARNING FROM <RTFRDR> *****
      ***** Residue already exists.
      ******************************************
      BOMLEV (  0) IS NOT REACHED. WRNLEV IS  5

          RESI PRO2        0.00
*** WARNING **** residue FORM already exists (old one deleted)

      ***** LEVEL  1 WARNING FROM <RTFRDR> *****
      ***** Residue already exists.
      ******************************************
      BOMLEV (  0) IS NOT REACHED. WRNLEV IS  5

          RESI FORM        0.00
*** WARNING **** residue ACEM already exists (old one deleted)

      ***** LEVEL  1 WARNING FROM <RTFRDR> *****
      ***** Residue already exists.
      ******************************************
      BOMLEV (  0) IS NOT REACHED. WRNLEV IS  5

          RESI ACEM        0.00
*** WARNING **** residue NMA  already exists (old one deleted)

      ***** LEVEL  1 WARNING FROM <RTFRDR> *****
      ***** Residue already exists.
      ******************************************
      BOMLEV (  0) IS NOT REACHED. WRNLEV IS  5

          RESI NMA         0.00
*** WARNING **** residue MESH already exists (old one deleted)

      ***** LEVEL  1 WARNING FROM <RTFRDR> *****
      ***** Residue already exists.
      ******************************************
      BOMLEV (  0) IS NOT REACHED. WRNLEV IS  5

          RESI MESH        0.00
*** WARNING **** residue MES1 already exists (old one deleted)

      ***** LEVEL  1 WARNING FROM <RTFRDR> *****
      ***** Residue already exists.
      ******************************************
      BOMLEV (  0) IS NOT REACHED. WRNLEV IS  5

          RESI MES1       -1.00
*** WARNING **** residue ETSH already exists (old one deleted)

      ***** LEVEL  1 WARNING FROM <RTFRDR> *****
      ***** Residue already exists.
      ******************************************
      BOMLEV (  0) IS NOT REACHED. WRNLEV IS  5

          RESI ETSH        0.00
*** WARNING **** residue ES1  already exists (old one deleted)

      ***** LEVEL  1 WARNING FROM <RTFRDR> *****
      ***** Residue already exists.
      ******************************************
      BOMLEV (  0) IS NOT REACHED. WRNLEV IS  5

          RESI ES1        -1.00
*** WARNING **** residue DMDS already exists (old one deleted)

      ***** LEVEL  1 WARNING FROM <RTFRDR> *****
      ***** Residue already exists.
      ******************************************
      BOMLEV (  0) IS NOT REACHED. WRNLEV IS  5

          RESI DMDS        0.00
*** WARNING **** residue DEDS already exists (old one deleted)

      ***** LEVEL  1 WARNING FROM <RTFRDR> *****
      ***** Residue already exists.
      ******************************************
      BOMLEV (  0) IS NOT REACHED. WRNLEV IS  5

          RESI DEDS        0.00
*** WARNING **** residue EMS  already exists (old one deleted)

      ***** LEVEL  1 WARNING FROM <RTFRDR> *****
      ***** Residue already exists.
      ******************************************
      BOMLEV (  0) IS NOT REACHED. WRNLEV IS  5

          RESI EMS         0.00
*** WARNING **** residue IMIA already exists (old one deleted)

      ***** LEVEL  1 WARNING FROM <RTFRDR> *****
      ***** Residue already exists.
      ******************************************
      BOMLEV (  0) IS NOT REACHED. WRNLEV IS  5

          RESI IMIA        0.00
*** WARNING **** residue MIMI already exists (old one deleted)

      ***** LEVEL  1 WARNING FROM <RTFRDR> *****
      ***** Residue already exists.
      ******************************************
      BOMLEV (  0) IS NOT REACHED. WRNLEV IS  5

          RESI MIMI        0.00
*** WARNING **** residue EIMI already exists (old one deleted)

      ***** LEVEL  1 WARNING FROM <RTFRDR> *****
      ***** Residue already exists.
      ******************************************
      BOMLEV (  0) IS NOT REACHED. WRNLEV IS  5

          RESI EIMI        0.00
*** WARNING **** residue IMIM already exists (old one deleted)

      ***** LEVEL  1 WARNING FROM <RTFRDR> *****
      ***** Residue already exists.
      ******************************************
      BOMLEV (  0) IS NOT REACHED. WRNLEV IS  5

          RESI IMIM        1.00
*** WARNING **** residue EIMM already exists (old one deleted)

      ***** LEVEL  1 WARNING FROM <RTFRDR> *****
      ***** Residue already exists.
      ******************************************
      BOMLEV (  0) IS NOT REACHED. WRNLEV IS  5

          RESI EIMM        1.00
*** WARNING **** residue BENZ already exists (old one deleted)

      ***** LEVEL  1 WARNING FROM <RTFRDR> *****
      ***** Residue already exists.
      ******************************************
      BOMLEV (  0) IS NOT REACHED. WRNLEV IS  5

          RESI BENZ        0.00
*** WARNING **** residue EBEN already exists (old one deleted)

      ***** LEVEL  1 WARNING FROM <RTFRDR> *****
      ***** Residue already exists.
      ******************************************
      BOMLEV (  0) IS NOT REACHED. WRNLEV IS  5

          RESI EBEN         0.00
*** WARNING **** residue PHEN already exists (old one deleted)

      ***** LEVEL  1 WARNING FROM <RTFRDR> *****
      ***** Residue already exists.
      ******************************************
      BOMLEV (  0) IS NOT REACHED. WRNLEV IS  5

          RESI PHEN        0.00
*** WARNING **** residue EPHE already exists (old one deleted)

      ***** LEVEL  1 WARNING FROM <RTFRDR> *****
      ***** Residue already exists.
      ******************************************
      BOMLEV (  0) IS NOT REACHED. WRNLEV IS  5

          RESI EPHE        0.00
*** WARNING **** residue PHEO already exists (old one deleted)

      ***** LEVEL  1 WARNING FROM <RTFRDR> *****
      ***** Residue already exists.
      ******************************************
      BOMLEV (  0) IS NOT REACHED. WRNLEV IS  5

          RESI PHEO       -1.00
*** WARNING **** residue INDO already exists (old one deleted)

      ***** LEVEL  1 WARNING FROM <RTFRDR> *****
      ***** Residue already exists.
      ******************************************
      BOMLEV (  0) IS NOT REACHED. WRNLEV IS  5

          RESI INDO        0.00
*** WARNING **** residue EIND already exists (old one deleted)

      ***** LEVEL  1 WARNING FROM <RTFRDR> *****
      ***** Residue already exists.
      ******************************************
      BOMLEV (  0) IS NOT REACHED. WRNLEV IS  5

          RESI EIND        0.00
*** WARNING **** residue PDIP already exists (old one deleted)

      ***** LEVEL  1 WARNING FROM <RTFRDR> *****
      ***** Residue already exists.
      ******************************************
      BOMLEV (  0) IS NOT REACHED. WRNLEV IS  5

          RESI PDIP        0.00
*** WARNING **** residue ETHA already exists (old one deleted)

      ***** LEVEL  1 WARNING FROM <RTFRDR> *****
      ***** Residue already exists.
      ******************************************
      BOMLEV (  0) IS NOT REACHED. WRNLEV IS  5

          RESI ETHA        0.00
*** WARNING **** residue PRPA already exists (old one deleted)

      ***** LEVEL  1 WARNING FROM <RTFRDR> *****
      ***** Residue already exists.
      ******************************************
      BOMLEV (  0) IS NOT REACHED. WRNLEV IS  5

          RESI PRPA        0.00
*** WARNING **** residue IBUT already exists (old one deleted)

      ***** LEVEL  1 WARNING FROM <RTFRDR> *****
      ***** Residue already exists.
      ******************************************
      BOMLEV (  0) IS NOT REACHED. WRNLEV IS  5

          RESI IBUT        0.00
*** WARNING **** residue OCOH already exists (old one deleted)

      ***** LEVEL  1 WARNING FROM <RTFRDR> *****
      ***** Residue already exists.
      ******************************************
      BOMLEV (  0) IS NOT REACHED. WRNLEV IS  5

          RESI OCOH    0.0
*** WARNING **** residue CO3  already exists (old one deleted)

      ***** LEVEL  1 WARNING FROM <RTFRDR> *****
      ***** Residue already exists.
      ******************************************
      BOMLEV (  0) IS NOT REACHED. WRNLEV IS  5

          RESI CO3  -2.0
*** WARNING **** residue C3   already exists (old one deleted)

      ***** LEVEL  1 WARNING FROM <RTFRDR> *****
      ***** Residue already exists.
      ******************************************
      BOMLEV (  0) IS NOT REACHED. WRNLEV IS  5

          RESI C3    0.00
 There were  42 warning(s) from RTFRDR.
  
 CHARMM>     
  
 CHARMM>    read para card flex append

          PARAMETER FILE BEING READ FROM UNIT 98
 RDTITL>  
 RDTITL> No title read.
 PARMIO> NONBOND, HBOND lists and IMAGE atoms cleared.
  
 CHARMM>     
  
 CHARMM>    return
 VCLOSE: Closing unit   98 with status "KEEP"

                    RETURNING TO INPUT STREAM    99
  
 CHARMM>    stream toppar/toppar_all36_prot_modify_res.str
 VOPEN> Attempting to open::toppar/toppar_all36_prot_modify_res.str::
 OPNLGU> Unit 98 opened for READONLY access to toppar/toppar_all36_prot_modify_res.str

                    INPUT STREAM SWITCHING TO UNIT    98
 RDTITL> * TOPPAR FILE FOR VARIOUS MODIFIED RESIDUES AND PATCHES, INCLUDING
 RDTITL> * PATCHES TO COVALENTLY LINK RESIDUES TO IONS TO WORK WITH THE
 RDTITL> * ADDITIVE C36 PROTEIN FORCE FIELD
 RDTITL> * REQUIRES CGENFF PARAMETER FILE
 RDTITL> *
 Parameter: IN1 <- "" <empty>
  
 CHARMM>     
  
 CHARMM>    !Acetyllysine (ALY)
 CHARMM>    !Norleucine (NLE) and
 CHARMM>    ! residues and patches for Zn-protein interactions modeled using
 CHARMM>    ! bond and angles between the protein and Zn.
 CHARMM>     
  
 CHARMM>    !non-standard amino acids: 2021
 CHARMM>    !Croitoru, A., Park, S.-J., Kumar, A., Lee, J., Im, Wonpil; MacKerell,
 CHARMM>    !A.D., Jr., and Aleksandrov, A. Additive CHARMM36 Force Field for
 CHARMM>    !Nonstandard Amino Acids, Journal of Chemical Theory and Computation,
 CHARMM>    !17:3554-3570, doi: 10.1021/acs.jctc.1c00254.
 CHARMM>     
  
 CHARMM>    read rtf card append
 MAINIO> Residue topology file being read from unit  98.
 RDTITL> * TOPPAR FILE PROTEIN MODIFICATIONS
 RDTITL> *
*** WARNING **** residue CGU  already exists (old one deleted)

      ***** LEVEL  1 WARNING FROM <RTFRDR> *****
      ***** Residue already exists.
      ******************************************
      BOMLEV (  0) IS NOT REACHED. WRNLEV IS  5

          RESI CGU              -2.000
*** WARNING **** residue CME  already exists (old one deleted)

      ***** LEVEL  1 WARNING FROM <RTFRDR> *****
      ***** Residue already exists.
      ******************************************
      BOMLEV (  0) IS NOT REACHED. WRNLEV IS  5

          RESI CME               0.000
*** WARNING **** residue HIC  already exists (old one deleted)

      ***** LEVEL  1 WARNING FROM <RTFRDR> *****
      ***** Residue already exists.
      ******************************************
      BOMLEV (  0) IS NOT REACHED. WRNLEV IS  5

          RESI HIC               0.000
*** WARNING **** residue HICP already exists (old one deleted)

      ***** LEVEL  1 WARNING FROM <RTFRDR> *****
      ***** Residue already exists.
      ******************************************
      BOMLEV (  0) IS NOT REACHED. WRNLEV IS  5

          RESI HICP              1.000
*** WARNING **** residue CGUP already exists (old one deleted)

      ***** LEVEL  1 WARNING FROM <RTFRDR> *****
      ***** Residue already exists.
      ******************************************
      BOMLEV (  0) IS NOT REACHED. WRNLEV IS  5

          RESI CGUP             -1.000
 There were   5 warning(s) from RTFRDR.
  
 CHARMM>     
  
 CHARMM>    read para card append flex

          PARAMETER FILE BEING READ FROM UNIT 98
 RDTITL>  
 RDTITL> No title read.
 PARMIO> NONBOND, HBOND lists and IMAGE atoms cleared.
  
 CHARMM>     
  
 CHARMM>    return
 VCLOSE: Closing unit   98 with status "KEEP"

                    RETURNING TO INPUT STREAM    99
  
 CHARMM>     
  
 CHARMM>    ! Additional topologies and parameters for nucleic acids
 CHARMM>    stream toppar/toppar_all36_na_nad_ppi.str
 VOPEN> Attempting to open::toppar/toppar_all36_na_nad_ppi.str::
 OPNLGU> Unit 98 opened for READONLY access to toppar/toppar_all36_na_nad_ppi.str

                    INPUT STREAM SWITCHING TO UNIT    98
 RDTITL> * CHARMM36 ALL-HYDROGEN NUCLEIC ACID FORCE TOPPAR STREAM FILE
 RDTITL> * NAD+, NADH, ADP, ATP, PPI AND RELATED ANALOGS
 RDTITL> * A.D. MACKERELL, JR., JULY 2001
 RDTITL> * STREAM FOLLOWING RTF AND PARAM READ OF
 RDTITL> *
 Parameter: IN1 <- "" <empty>
  
 CHARMM>     
  
 CHARMM>    !Update, 2015/1, nomenclature for NAD+ etc. consistent with PDB
 CHARMM>     
  
 CHARMM>    !Parent files that have to be read prior to streaming this file
 CHARMM>    !top_all36_na.rtf
 CHARMM>    !par_all36_na.prm
 CHARMM>     
  
 CHARMM>    !Testcase
 CHARMM>    !test_all36_na_nad_ppi.inp
 CHARMM>     
  
 CHARMM>    !Reference
 CHARMM>    !Pavelites, J.J., Bash, P.A., Gao, J., and MacKerell, Jr.,
 CHARMM>    !A.D. A Molecular Mechanics Force Field for NAD+, NADH and the
 CHARMM>    !Pyrophosphate Groups of Nucleotides, Journal of Computational
 CHARMM>    !Chemistry, 1997, 18: 221-239.
 CHARMM>     
  
 CHARMM>    read rtf card append
 MAINIO> Residue topology file being read from unit  98.
 RDTITL> * NAD, PPI TOPOLOGY
 RDTITL> *
*** WARNING **** residue NIC  already exists (old one deleted)

      ***** LEVEL  1 WARNING FROM <RTFRDR> *****
      ***** Residue already exists.
      ******************************************
      BOMLEV (  0) IS NOT REACHED. WRNLEV IS  5

          RESI NIC         1.00
*** WARNING **** residue NICH already exists (old one deleted)

      ***** LEVEL  1 WARNING FROM <RTFRDR> *****
      ***** Residue already exists.
      ******************************************
      BOMLEV (  0) IS NOT REACHED. WRNLEV IS  5

          RESI NICH         0.00
*** WARNING **** residue PPI1 already exists (old one deleted)

      ***** LEVEL  1 WARNING FROM <RTFRDR> *****
      ***** Residue already exists.
      ******************************************
      BOMLEV (  0) IS NOT REACHED. WRNLEV IS  5

          RESI PPI1        -3.00
*** WARNING **** residue PPI2 already exists (old one deleted)

      ***** LEVEL  1 WARNING FROM <RTFRDR> *****
      ***** Residue already exists.
      ******************************************
      BOMLEV (  0) IS NOT REACHED. WRNLEV IS  5

          RESI PPI2        -2.00
*** WARNING **** residue AMP  already exists (old one deleted)

      ***** LEVEL  1 WARNING FROM <RTFRDR> *****
      ***** Residue already exists.
      ******************************************
      BOMLEV (  0) IS NOT REACHED. WRNLEV IS  5

          RESI AMP         -2.00
*** WARNING **** residue ADP  already exists (old one deleted)

      ***** LEVEL  1 WARNING FROM <RTFRDR> *****
      ***** Residue already exists.
      ******************************************
      BOMLEV (  0) IS NOT REACHED. WRNLEV IS  5

          RESI ADP         -3.00
*** WARNING **** residue ATP  already exists (old one deleted)

      ***** LEVEL  1 WARNING FROM <RTFRDR> *****
      ***** Residue already exists.
      ******************************************
      BOMLEV (  0) IS NOT REACHED. WRNLEV IS  5

          RESI ATP         -4.00
*** WARNING **** residue 5DP  already exists (old one deleted)

      ***** LEVEL  1 WARNING FROM <RTFRDR> *****
      ***** Residue already exists.
      ******************************************
      BOMLEV (  0) IS NOT REACHED. WRNLEV IS  5

          PRES 5DP         -3.00
*** WARNING **** residue NAD  already exists (old one deleted)

      ***** LEVEL  1 WARNING FROM <RTFRDR> *****
      ***** Residue already exists.
      ******************************************
      BOMLEV (  0) IS NOT REACHED. WRNLEV IS  5

          RESI NAD         -1.00
*** WARNING **** residue NADH already exists (old one deleted)

      ***** LEVEL  1 WARNING FROM <RTFRDR> *****
      ***** Residue already exists.
      ******************************************
      BOMLEV (  0) IS NOT REACHED. WRNLEV IS  5

          RESI NADH        -2.00
*** WARNING **** residue NADP already exists (old one deleted)

      ***** LEVEL  1 WARNING FROM <RTFRDR> *****
      ***** Residue already exists.
      ******************************************
      BOMLEV (  0) IS NOT REACHED. WRNLEV IS  5

          RESI NADP        -2.00
*** WARNING **** residue NDPH already exists (old one deleted)

      ***** LEVEL  1 WARNING FROM <RTFRDR> *****
      ***** Residue already exists.
      ******************************************
      BOMLEV (  0) IS NOT REACHED. WRNLEV IS  5

          RESI NDPH        -3.00
 There were  12 warning(s) from RTFRDR.
  
 CHARMM>     
  
 CHARMM>    read para card flex append

          PARAMETER FILE BEING READ FROM UNIT 98
 RDTITL> * NAD, PPI PARAMETERS
 RDTITL> *
 PARMIO> NONBOND, HBOND lists and IMAGE atoms cleared.
  
 CHARMM>     
  
 CHARMM>     
  
 VCLOSE: Closing unit   98 with status "KEEP"

                    RETURNING TO INPUT STREAM    99
  
 CHARMM>    stream toppar/toppar_all36_na_rna_modified.str
 VOPEN> Attempting to open::toppar/toppar_all36_na_rna_modified.str::
 OPNLGU> Unit 98 opened for READONLY access to toppar/toppar_all36_na_rna_modified.str

                    INPUT STREAM SWITCHING TO UNIT    98
 RDTITL> * ADDITIVE CHARMM FORCE FIELD FOR MODIFIED RIBONUCLEIC ACIDS, INCLUDING
 RDTITL> * THOSE FOUNDS IN TRNA. YOU XU, KAROLINSKA INSTITUTET, 2015.
 RDTITL> * |
 RDTITL> * WARNING: PARAMETERS AND ATOM TYPE ASSIGNMENTS IN THIS FILE ARE SPECIFIC
 RDTITL> * FOR THESE COMPOUNDS AND SHOULD UNDER NO CIRCUMSTANCES BE APPLIED TO
 RDTITL> * OTHER ORGANIC MOLECULES
 RDTITL> *
 Parameter: IN1 <- "" <empty>
  
 CHARMM>     
  
 CHARMM>    ! Xu, Y., Vanommeslaeghe, K., Aleksandrov, A., MacKerell, A.D.,
 CHARMM>    ! Jr. Nilsson, L., “Additive CHARMM force field for naturally
 CHARMM>    ! occurring modified ribonucleotides,” Journal of Computational
 CHARMM>    !  Chemistry, DOI: 10.1002/jcc.24307, 2016
 CHARMM>     
  
 CHARMM>    ! Should be used with parent files CGenFF: top_all36_cgenff.inp and par_all36_cgenff.inp
 CHARMM>    !                                    NA36: top_all36_na.inp and par_all36_na.inp
 CHARMM>    !                              and Carb36: top_all36_carb.inp and par_all36_carb.inp
 CHARMM>    !
 CHARMM>     
  
 CHARMM>    read rtf card append
 MAINIO> Residue topology file being read from unit  98.
 RDTITL> * TOPOLOGIES OF MODIFIED NUCLEOTIDES
 RDTITL> *
*** WARNING **** residue BUG  already exists (old one deleted)

      ***** LEVEL  1 WARNING FROM <RTFRDR> *****
      ***** Residue already exists.
      ******************************************
      BOMLEV (  0) IS NOT REACHED. WRNLEV IS  5

          RESI BUG           -1.00
 There were   1 warning(s) from RTFRDR.
  
 CHARMM>     
  
 CHARMM>    read param card flex append

          PARAMETER FILE BEING READ FROM UNIT 98
 RDTITL> * ADDITIVE CHARMM PARAMETERS FOR MODIFIED NUCLEIC ACIDS, BETA VERSION
 RDTITL> * YOU XU, KAROLINSKA INSTITUTET, 2015.
 RDTITL> *
 PARMIO> NONBOND, HBOND lists and IMAGE atoms cleared.
  
 CHARMM>    RETURN
 VCLOSE: Closing unit   98 with status "KEEP"

                    RETURNING TO INPUT STREAM    99
  
 CHARMM>     
  
 CHARMM>    ! Additional topologies and parameters for lipids
 CHARMM>    stream toppar/toppar_all36_lipid_sphingo.str
 VOPEN> Attempting to open::toppar/toppar_all36_lipid_sphingo.str::
 OPNLGU> Unit 98 opened for READONLY access to toppar/toppar_all36_lipid_sphingo.str

                    INPUT STREAM SWITCHING TO UNIT    98
 RDTITL> * TOPPAR STREAM FOR CERAMIDES AND SPINGOMYELINS; REQUIRES FLEX FORMAT FILES
 RDTITL> * TOP_ALL36_LIPID.RTF AND PAR_ALL36_LIPID.PRM
 RDTITL> *
 Parameter: IN1 <- "" <empty>
  
 CHARMM>     
  
 CHARMM>    ! REFERENCES
 CHARMM>    !
 CHARMM>    ! PSM and SSM Lipids
 CHARMM>    !
 CHARMM>    ! Venable, R. M.; Sodt, A. J.; Rogaski, B.; Rui, H.; Hatcher, E.; MacKerell, A. D.;
 CHARMM>    ! Pastor, R. W.; Klauda, J. B., CHARMM All-Atom Additive Force Field for Sphingomyelin:
 CHARMM>    ! Elucidation of Hydrogen Bonding and of Positive Curvature. Biophys. J. 2014, 107 (1), 134-145
 CHARMM>    !
 CHARMM>    ! Ceramide
 CHARMM>    !
 CHARMM>    ! Submited by Sam Tonddast-Navaei of U. Cincinnati. Advised by Russell Devane
 CHARMM>    ! Tested by Eric Wang of U. Maryland. Advised by Jeffery Klauda
 CHARMM>    !
 CHARMM>    !
 CHARMM>    ! CerAP/Cer6, CerNP/Cer3, and CerEOS/Cer1
 CHARMM>    !
 CHARMM>    ! Wang, E.; Klauda, J. B., Structure and Permeability of Ceramide Bilayers and Multilayers.
 CHARMM>    ! J. Phys. Chem. B., 2019, 123, 11, 2525-2535
 CHARMM>    ! Wang, E.; Klauda, J. B., Molecular Structure of the Long Periodicity Phase in the Stratum Corneum.
 CHARMM>    ! J. Amer. Chem. Soc., 2019. 141, 42, 16930-16943
 CHARMM>     
  
 CHARMM>    set nat ?NATC
 RDCMND substituted energy or value "?NATC" to "587"
 Parameter: NAT <- "587"
  
 CHARMM>    set app
 Parameter: APP <- "" <empty>
  
 CHARMM>    !We're exploiting what is arguably a bug in the parser. On the left hand side,
 CHARMM>    !the quotes have proirity, so NAT is correctly substituted. On the right hand
 CHARMM>    !side, the ? has priority and NATC" (sic) is not a valid substitution...
 CHARMM>    if "@NAT" ne "?NATC" if @nat ne 0 set app append
 Parameter: NAT -> "587"
 Parameter: NAT -> "587"
 RDCMND: can not substitute energy "?NATC""
 Comparing ""587"" and ""?NATC"".
 IF test evaluated as true.  Performing command
 Comparing "587" and "0".
 IF test evaluated as true.  Performing command
 Parameter: APP <- "APPEND"
  
 CHARMM>     
  
 CHARMM>    read rtf card @app
 Parameter: APP -> "APPEND"
 MAINIO> Residue topology file being read from unit  98.
 RDTITL> * CER/SM RESIDUES
 RDTITL> *
  
 CHARMM>     
  
 CHARMM>    read para card flex @app
 Parameter: APP -> "APPEND"

          PARAMETER FILE BEING READ FROM UNIT 98
 RDTITL> * NEW PARAMETERS
 RDTITL> *
 PARRDR> Error: Repeated DIHE parameter ( 35897): NHL   C     CTO1  HAL1 is replaced
 PARRDR> Error: Repeated DIHE parameter ( 35918): O     C     CTO1  HAL1 is replaced
 PARMIO> NONBOND, HBOND lists and IMAGE atoms cleared.
  
 CHARMM>     
  
 CHARMM>    return
 VCLOSE: Closing unit   98 with status "KEEP"

                    RETURNING TO INPUT STREAM    99
  
 CHARMM>    stream toppar/toppar_all36_lipid_archaeal.str
 VOPEN> Attempting to open::toppar/toppar_all36_lipid_archaeal.str::
 OPNLGU> Unit 98 opened for READONLY access to toppar/toppar_all36_lipid_archaeal.str

                    INPUT STREAM SWITCHING TO UNIT    98
 RDTITL> * TOPPAR STREAM FILE FOR ARCHAEAL LIPIDS.
 RDTITL> *
 Parameter: IN1 <- "" <empty>
  
 CHARMM>     
  
 CHARMM>    ! This is an on-going file of archaeal lipids
 CHARMM>    ! I am adding meanquinone-7 now
 CHARMM>     
  
 CHARMM>    read rtf card append
 MAINIO> Residue topology file being read from unit  98.
 RDTITL> * ARCHAEAL LIPIDS
 RDTITL> *
  
 CHARMM>     
  
 CHARMM>    read param card flex append

          PARAMETER FILE BEING READ FROM UNIT 98
 RDTITL> * PARAMETERS GENERATED BY ANALOGY BY CGENFF
 RDTITL> *
 PARRDR> Error: Repeated ANGLE parameter (  2127): CG2D  CG2O  CG2R is replaced
 PARRDR> Error: Repeated ANGLE parameter (  3250): CG2R  CG2R  CG2R is replaced
 PARRDR> Error: Repeated DIHE parameter (  8556): CG2D  CG2O  CG2R  CG2R is replaced
 PARRDR> Error: Repeated DIHE parameter ( 13933): CG2R  CG2R  CG2R  CG2R is replaced
 PARRDR> Error: Repeated DIHE parameter ( 13843): OG30  CG2R  CG2R  OG31 is replaced
 PARRDR> Error: Repeated DIHE parameter ( 13842): OG30  CG2R  CG2R  OG30 is replaced
 PARRDR> Error: Repeated IMPH parameter (   325): CG2O  CG2D  CG2R  OG2D is replaced
 PARMIO> NONBOND, HBOND lists and IMAGE atoms cleared.
  
 CHARMM>     
  
 CHARMM>    RETURN
 VCLOSE: Closing unit   98 with status "KEEP"

                    RETURNING TO INPUT STREAM    99
  
 CHARMM>    stream toppar/toppar_all36_lipid_bacterial.str
 VOPEN> Attempting to open::toppar/toppar_all36_lipid_bacterial.str::
 OPNLGU> Unit 98 opened for READONLY access to toppar/toppar_all36_lipid_bacterial.str

                    INPUT STREAM SWITCHING TO UNIT    98
 RDTITL> * TOPPAR STREAM FILE FOR BRANCHED AND CYCLIC CHAINED LIPIDS.  FOLLOWING READING OF
 RDTITL> * TOP_ALL36_LIPID.RTF
 RDTITL> * AND
 RDTITL> * PAR_ALL36_LIPID.RTF
 RDTITL> *
 Parameter: IN1 <- "" <empty>
  
 CHARMM>     
  
 CHARMM>    ! REFERENCES
 CHARMM>    !
 CHARMM>    ! Branched Lipids
 CHARMM>    !
 CHARMM>    ! Lim, J.B. & Klauda, J.B. Branching at the Iso- and Anteiso- Positions in Complex Chlamydia
 CHARMM>    ! Membranes: A Molecular Dynamics Study. Biochimica et Biophysica Acta (BBA) - Biomembranes
 CHARMM>    ! 1808:323-331 (2011).
 CHARMM>    !
 CHARMM>    ! Cyclic-replacement of double bond
 CHARMM>    !
 CHARMM>    ! Pandit, K.R. & Klauda, J.B. Membrane models of E. coli containing cyclic moieties in
 CHARMM>    ! the aliphatic lipid chain. Biochimica et Biophysica Acta (BBA) - Biomembranes
 CHARMM>    ! 1818:1205-1210 (2012).
 CHARMM>    !
 CHARMM>     
  
 CHARMM>    set nat ?NATC
 RDCMND substituted energy or value "?NATC" to "592"
 Parameter: NAT <- "592"
  
 CHARMM>    set app
 Parameter: APP <- "" <empty>
  
 CHARMM>    !We're exploiting what is arguably a bug in the parser. On the left hand side,
 CHARMM>    !the quotes have proirity, so NAT is correctly substituted. On the right hand
 CHARMM>    !side, the ? has priority and NATC" (sic) is not a valid substitution...
 CHARMM>    if "@NAT" ne "?NATC" if @nat ne 0 set app append
 Parameter: NAT -> "592"
 Parameter: NAT -> "592"
 RDCMND: can not substitute energy "?NATC""
 Comparing ""592"" and ""?NATC"".
 IF test evaluated as true.  Performing command
 Comparing "592" and "0".
 IF test evaluated as true.  Performing command
 Parameter: APP <- "APPEND"
  
 CHARMM>     
  
 CHARMM>    read rtf card @app
 Parameter: APP -> "APPEND"
 MAINIO> Residue topology file being read from unit  98.
 RDTITL> * CHOLESTEROL RESIDUES
 RDTITL> *
  
 CHARMM>     
  
 CHARMM>    read para card flex @app
 Parameter: APP -> "APPEND"

          PARAMETER FILE BEING READ FROM UNIT 98
 RDTITL> * NEW PARAMETERS
 RDTITL> *
 PARMIO> NONBOND, HBOND lists and IMAGE atoms cleared.
  
 CHARMM>     
  
 CHARMM>    return
 VCLOSE: Closing unit   98 with status "KEEP"

                    RETURNING TO INPUT STREAM    99
  
 CHARMM>    stream toppar/toppar_all36_lipid_cardiolipin.str
 VOPEN> Attempting to open::toppar/toppar_all36_lipid_cardiolipin.str::
 OPNLGU> Unit 98 opened for READONLY access to toppar/toppar_all36_lipid_cardiolipin.str

                    INPUT STREAM SWITCHING TO UNIT    98
 RDTITL> READ RTF CARD APPEND FLEX
 RDTITL> No title read.
 Parameter: IN1 <- "" <empty>
  
 CHARMM>    read rtf card append flex
 MAINIO> Residue topology file being read from unit  98.
 RDTITL>  
 RDTITL> No title read.
 WARNING from DECODI -- Zero length string being converted to 0
 RTFRDR> WARNING: Version number is NOT specified.
  
 CHARMM>     
  
 CHARMM>    return
 VCLOSE: Closing unit   98 with status "KEEP"

                    RETURNING TO INPUT STREAM    99
  
 CHARMM>    stream toppar/toppar_all36_lipid_cholesterol.str
 VOPEN> Attempting to open::toppar/toppar_all36_lipid_cholesterol.str::
 OPNLGU> Unit 98 opened for READONLY access to toppar/toppar_all36_lipid_cholesterol.str

                    INPUT STREAM SWITCHING TO UNIT    98
 RDTITL> * TOPPAR STREAM FILE FOR CHOLESTEROL.  STREAM FOLLOWING READING OF
 RDTITL> * TOP_ALL36_LIPID.RTF
 RDTITL> * PAR_ALL36_LIPID.RTF
 RDTITL> * TOP_ALL36_CGENFF.RTF
 RDTITL> * AND PAR_ALL36_CGENFF.PRM
 RDTITL> *
 Parameter: IN1 <- "" <empty>
  
 CHARMM>     
  
 CHARMM>    !topology and parameters are included for two cholesterol models. the
 CHARMM>    !model may be selected by setting variable chol_model to 1 or 2, as
 CHARMM>    !specified below
 CHARMM>    !
 CHARMM>     
  
 CHARMM>    set chol_model 1 !2 for original Suits et al. model
 Parameter: CHOL_MODEL <- "1"
  
 CHARMM>     
  
 CHARMM>    !
 CHARMM>    !1) Revised model of Lim et al.  This contains a number of NBFIXes that
 CHARMM>    !makes it unsuitable for ANTON (set chol_model 1)
 CHARMM>    !
 CHARMM>    !2) Original model of Suits et al., which is used on ANTON as well as
 CHARMM>    !being suitable for other systems (set chol_model 2 (or anything but 1....))
 CHARMM>    !
 CHARMM>    !references
 CHARMM>    !
 CHARMM>    !Lim, J.B., Rogaski, B. and Klauda, J.B.. "Update of the Cholesterol Force Field
 CHARMM>    !Parameters in CHARMM" 116: 203-210 (2012).
 CHARMM>    !
 CHARMM>    !Suits, F., Pitman, M., MacKerell, A.D., Jr., Feller, S.E. "Molecular Level
 CHARMM>    !Organization of Saturated and Polyunsaturated Fatty Acids in a
 CHARMM>    !Phosphatidylcholine Bilayer Containing Cholesterol" Biochemistry,
 CHARMM>    !43(49):15318-28, 2004
 CHARMM>    !
 CHARMM>     
  
 CHARMM>    !test "append"
 CHARMM>    set nat ?NATC
 RDCMND substituted energy or value "?NATC" to "592"
 Parameter: NAT <- "592"
  
 CHARMM>    set app
 Parameter: APP <- "" <empty>
  
 CHARMM>    !We're exploiting what is arguably a bug in the parser. On the left hand side,
 CHARMM>    !the quotes have priority, so NAT is correctly substituted. On the right hand
 CHARMM>    !side, the ? has priority and NATC" (sic) is not a valid substitution...
 CHARMM>    if "@NAT" ne "?NATC" if @nat ne 0 set app append
 Parameter: NAT -> "592"
 Parameter: NAT -> "592"
 RDCMND: can not substitute energy "?NATC""
 Comparing ""592"" and ""?NATC"".
 IF test evaluated as true.  Performing command
 Comparing "592" and "0".
 IF test evaluated as true.  Performing command
 Parameter: APP <- "APPEND"
  
 CHARMM>     
  
 CHARMM>    if chol_model eq 1 then
 Comparing "1" and "1".
 IF test evaluated as true.  Performing command
  
 CHARMM>     
  
 CHARMM>    ! reference
 CHARMM>    ! Lim, J.B., Rogaski, B. and Klauda, J.B.. "Update of the Cholesterol Force Field
 CHARMM>    ! Parameters in CHARMM" 116: 203-210 (2012).
 CHARMM>    !
 CHARMM>     
  
 CHARMM>    read rtf card @app
 Parameter: APP -> "APPEND"
 MAINIO> Residue topology file being read from unit  98.
 RDTITL> * TOPOLOGY FOR CHOLESTEROL
 RDTITL> *
  
 CHARMM>     
  
 CHARMM>    read param card flex @app
 Parameter: APP -> "APPEND"

          PARAMETER FILE BEING READ FROM UNIT 98
 RDTITL> * CHOLESTEROL PARAMETERS
 RDTITL> *
 PARRDR> Error: Repeated BOND parameter (  1169): CG30  CG30 is replaced
 PARRDR> Error: Repeated BOND parameter (  1180): CG30  CG3C is replaced
 PARRDR> Error: Repeated ANGLE parameter (  3766): CG30  CG30  CG32 is replaced
 PARRDR> Error: Repeated ANGLE parameter (  3767): CG30  CG30  CG33 is replaced
 PARRDR> Error: Repeated ANGLE parameter (  4079): CG30  CG31  CG30 is replaced
 PARRDR> Error: Repeated ANGLE parameter (  5634): CG30  CG3C  CG3C is replaced
 PARRDR> Error: Repeated ANGLE parameter (  5637): CG30  CG3C  HGA1 is replaced
 PARRDR> Error: Repeated ANGLE parameter (  6204): CG33  CG3R  CG3C is replaced
 PARRDR> Error: Repeated ANGLE parameter (  3829): CG33  CG30  CG3C is replaced
 PARRDR> Error: Repeated DIHE parameter ( 18175): CG32  CG30  CG30  CG32 is replaced
 PARRDR> Error: Repeated DIHE parameter ( 18178): CG33  CG30  CG30  CG33 is replaced
 PARRDR> Error: Repeated DIHE parameter ( 18221): CG32  CG30  CG31  CG30 is replaced
 PARRDR> Error: Repeated DIHE parameter ( 18246): CG33  CG30  CG31  CG30 is replaced
 PARRDR> Error: Repeated DIHE parameter ( 18404): CG30  CG30  CG32  CG32 is replaced
 PARRDR> Error: Repeated DIHE parameter ( 18405): CG30  CG30  CG32  HGA2 is replaced
 PARRDR> Error: Repeated DIHE parameter ( 18659): CG30  CG30  CG33  HGA3 is replaced
 PARRDR> Error: Repeated DIHE parameter ( 18668): CG3C  CG30  CG33  HGA3 is replaced
 PARRDR> Error: Repeated DIHE parameter ( 18716): CG33  CG30  CG3C  CG3C is replaced
 PARRDR> Error: Repeated DIHE parameter ( 18717): CG33  CG30  CG3C  CG3C is replaced
 PARRDR> Error: Repeated DIHE parameter ( 18718): CG33  CG30  CG3C  CG3C is replaced
 PARRDR> Error: Repeated DIHE parameter ( 18716): CG33  CG30  CG3C  CG3C is replaced
 PARRDR> Error: Repeated DIHE parameter ( 18717): CG33  CG30  CG3C  CG3C is replaced
 PARRDR> Error: Repeated DIHE parameter ( 18718): CG33  CG30  CG3C  CG3C is replaced
 PARRDR> Error: Repeated DIHE parameter ( 18716): CG33  CG30  CG3C  CG3C is replaced
 PARRDR> Error: Repeated DIHE parameter ( 18717): CG33  CG30  CG3C  CG3C is replaced
 PARRDR> Error: Repeated DIHE parameter ( 18718): CG33  CG30  CG3C  CG3C is replaced
 PARRDR> Error: Repeated DIHE parameter ( 18721): CG33  CG30  CG3C  HGA1 is replaced
 PARRDR> Error: Repeated DIHE parameter ( 36241): OG31  CG30  CG3C  CG3C is replaced
 PARRDR> Error: Repeated DIHE parameter ( 36242): OG31  CG30  CG3C  CG3R is replaced
 PARRDR> Error: Repeated DIHE parameter ( 36243): OG31  CG30  CG3C  HGA1 is replaced
 PARRDR> Error: Repeated DIHE parameter ( 36241): OG31  CG30  CG3C  CG3C is replaced
 PARRDR> Error: Repeated DIHE parameter ( 36242): OG31  CG30  CG3C  CG3R is replaced
 PARRDR> Error: Repeated DIHE parameter ( 36243): OG31  CG30  CG3C  HGA1 is replaced
 PARRDR> Error: Repeated DIHE parameter ( 22611): CG30  CG32  CG32  CG3R is replaced
 PARRDR> Error: Repeated DIHE parameter ( 25714): HGA3  CG33  CG3R  CG3C is replaced
 PARRDR> Error: Repeated DIHE parameter ( 27940): CG30  CG3C  CG3C  CG3C is replaced
 PARRDR> Error: Repeated DIHE parameter ( 27941): CG30  CG3C  CG3C  HGA2 is replaced
 PARRDR> Error: Repeated DIHE parameter ( 29312): CG3C  CG3C  CG3R  CG33 is replaced
 PARRDR> Error: Repeated DIHE parameter ( 29450): HGA2  CG3C  CG3R  CG33 is replaced
 PARMIO> NONBOND, HBOND lists and IMAGE atoms cleared.
  
 CHARMM>     
  
 CHARMM>    return
 VCLOSE: Closing unit   98 with status "KEEP"

                    RETURNING TO INPUT STREAM    99
  
 CHARMM>    stream toppar/toppar_all36_lipid_dag.str
 VOPEN> Attempting to open::toppar/toppar_all36_lipid_dag.str::
 OPNLGU> Unit 98 opened for READONLY access to toppar/toppar_all36_lipid_dag.str

                    INPUT STREAM SWITCHING TO UNIT    98
 RDTITL> READ RTF CARD APPEND
 RDTITL> No title read.
 Parameter: IN1 <- "" <empty>
  
 CHARMM>    read rtf card append
 MAINIO> Residue topology file being read from unit  98.
 RDTITL> * TOPOLOGY FOR LIPIDA FROM DAG
 RDTITL> *
  
 VCLOSE: Closing unit   98 with status "KEEP"

                    RETURNING TO INPUT STREAM    99
  
 CHARMM>    stream toppar/toppar_all36_lipid_inositol.str
 VOPEN> Attempting to open::toppar/toppar_all36_lipid_inositol.str::
 OPNLGU> Unit 98 opened for READONLY access to toppar/toppar_all36_lipid_inositol.str

                    INPUT STREAM SWITCHING TO UNIT    98
 RDTITL> READ RTF CARD APPEND
 RDTITL> No title read.
 Parameter: IN1 <- "" <empty>
  
 CHARMM>    read rtf card append
 MAINIO> Residue topology file being read from unit  98.
 RDTITL> * TOPOLOGY FOR INOSITOL-BASED LIPIDS
 RDTITL> *
  
 CHARMM>     
  
 CHARMM>    RETURN
 VCLOSE: Closing unit   98 with status "KEEP"

                    RETURNING TO INPUT STREAM    99
  
 CHARMM>    stream toppar/toppar_all36_lipid_lnp.str
 VOPEN> Attempting to open::toppar/toppar_all36_lipid_lnp.str::
 OPNLGU> Unit 98 opened for READONLY access to toppar/toppar_all36_lipid_lnp.str

                    INPUT STREAM SWITCHING TO UNIT    98
 RDTITL> READ RTF CARD APPEND
 RDTITL> No title read.
 Parameter: IN1 <- "" <empty>
  
 CHARMM>    read rtf card append
 MAINIO> Residue topology file being read from unit  98.
 RDTITL> * LNP
 RDTITL> *

      ***** LEVEL  1 WARNING FROM <DECODF> *****
      ***** Zero length string
      ******************************************
      BOMLEV (  0) IS NOT REACHED. WRNLEV IS  5

 WARNING from DECODF -- Zero length string being converted to 0.
 **** WARNING from RTFRDR **** The total charge of the residue, DAGP,  -0.0100000,
 does not equal the expected charge,   0.0000000.

      ***** LEVEL  1 WARNING FROM <DECODF> *****
      ***** Zero length string
      ******************************************
      BOMLEV (  0) IS NOT REACHED. WRNLEV IS  5

 WARNING from DECODF -- Zero length string being converted to 0.
          PRES DPEPEG
 **** WARNING from RTFRDR **** The total charge of the residue, DPEP,  -0.0100000,
 does not equal the expected charge,   0.0000000.
 There were   2 warning(s) from RTFRDR.
  
 CHARMM>     
  
 CHARMM>    read param card flex append

          PARAMETER FILE BEING READ FROM UNIT 98
 RDTITL> * LNP
 RDTITL> *
 PARRDR> Error: Repeated BOND parameter (  1479): CG3C  OG3C is replaced
 PARRDR> Error: Repeated BOND parameter (  1346): CG32  CG3C is replaced
 PARRDR> Error: Repeated ANGLE parameter (  4188): CG32  CG31  OG30 is replaced
 PARRDR> Error: Repeated ANGLE parameter (  5033): CG3C  CG32  HGA2 is replaced
 PARRDR> Error: Repeated ANGLE parameter (  5665): CG32  CG3C  HGA1 is replaced
 PARRDR> Error: Repeated ANGLE parameter (  5663): CG32  CG3C  CG3C is replaced
 PARRDR> Error: Repeated ANGLE parameter (  5528): OG3C  CG3C  OG3C is replaced
 PARRDR> Error: Repeated ANGLE parameter (  7610): CG3C  OG3C  CG3C is replaced
 PARRDR> Error: Repeated ANGLE parameter (  7611): CG3C  OG3C  CG3C is replaced
 PARRDR> Error: Repeated ANGLE parameter (  4742): CG32  CG32  CG3C is replaced
 PARRDR> Error: Repeated DIHE parameter ( 20079): OG30  CG31  CG32  NG30 is replaced
 PARRDR> Error: Repeated DIHE parameter ( 20080): OG30  CG31  CG32  NG30 is replaced
 PARRDR> Error: Repeated DIHE parameter ( 19874): CG32  CG31  CG32  NG30 is replaced
 PARRDR> Error: Repeated DIHE parameter ( 19906): CG32  CG31  CG32  OG30 is replaced
 PARRDR> Error: Repeated DIHE parameter ( 19907): CG32  CG31  CG32  OG30 is replaced
 PARRDR> Error: Repeated DIHE parameter ( 20381): HGA2  CG32  CG31  OG30 is replaced
 PARRDR> Error: Repeated DIHE parameter ( 27974): CG32  CG3C  CG3C  HGA2 is replaced
 PARRDR> Error: Repeated DIHE parameter ( 25258): HGA2  CG32  CG3C  HGA1 is replaced
 PARRDR> Error: Repeated DIHE parameter ( 25256): HGA2  CG32  CG3C  CG3C is replaced
 PARRDR> Error: Repeated DIHE parameter ( 23336): CG32  CG32  CG3C  HGA1 is replaced
 PARRDR> Error: Repeated DIHE parameter ( 23335): CG32  CG32  CG3C  CG3C is replaced
 PARRDR> Error: Repeated DIHE parameter ( 22787): CG3C  CG32  CG32  HGA2 is replaced
 PARRDR> Error: Repeated DIHE parameter ( 27968): CG32  CG3C  CG3C  OG3C is replaced
 PARRDR> Error: Repeated DIHE parameter ( 27969): CG32  CG3C  CG3C  OG3C is replaced
 PARRDR> Error: Repeated DIHE parameter ( 28163): OG3C  CG3C  CG3C  OG3C is replaced
 PARRDR> Error: Repeated DIHE parameter ( 27635): OG3C  CG3C  OG3C  CG3C is replaced
 PARRDR> Error: Repeated DIHE parameter ( 27636): OG3C  CG3C  OG3C  CG3C is replaced
 PARRDR> Error: Repeated DIHE parameter ( 27637): OG3C  CG3C  OG3C  CG3C is replaced
 PARRDR> Error: Repeated DIHE parameter ( 27638): OG3C  CG3C  OG3C  CG3C is replaced
 PARRDR> Error: Repeated DIHE parameter ( 28943): HGA1  CG3C  OG3C  CG3C is replaced
 PARRDR> Error: Repeated DIHE parameter ( 28905): CG3C  CG3C  OG3C  CG3C is replaced
 PARRDR> Error: Repeated DIHE parameter ( 29810): HGA2  CG3C  OG3C  CG3C is replaced
 PARMIO> NONBOND, HBOND lists and IMAGE atoms cleared.
  
 CHARMM>     
  
 CHARMM>    RETURN
 VCLOSE: Closing unit   98 with status "KEEP"

                    RETURNING TO INPUT STREAM    99
  
 CHARMM>    stream toppar/toppar_all36_lipid_lps.str
 VOPEN> Attempting to open::toppar/toppar_all36_lipid_lps.str::
 OPNLGU> Unit 98 opened for READONLY access to toppar/toppar_all36_lipid_lps.str

                    INPUT STREAM SWITCHING TO UNIT    98
 RDTITL> READ RTF CARD APPEND
 RDTITL> No title read.
 Parameter: IN1 <- "" <empty>
  
 CHARMM>    read rtf card append
 MAINIO> Residue topology file being read from unit  98.
 RDTITL> * TOPOLOGY FOR LIPIDA FROM LPS
 RDTITL> *
 WARNING from DECODI -- Zero length string being converted to 0
 RTFRDR> WARNING: Version number is NOT specified.
  
 CHARMM>     
  
 CHARMM>     
  
 CHARMM>    read param card append flex

          PARAMETER FILE BEING READ FROM UNIT 98
 RDTITL> *    NEW PARAMETES
 RDTITL> *
 PARMIO> NONBOND, HBOND lists and IMAGE atoms cleared.
  
 CHARMM>     
  
 VCLOSE: Closing unit   98 with status "KEEP"

                    RETURNING TO INPUT STREAM    99
  
 CHARMM>    stream toppar/toppar_all36_lipid_mycobacterial.str
 VOPEN> Attempting to open::toppar/toppar_all36_lipid_mycobacterial.str::
 OPNLGU> Unit 98 opened for READONLY access to toppar/toppar_all36_lipid_mycobacterial.str

                    INPUT STREAM SWITCHING TO UNIT    98
 RDTITL> * TOPPAR STREAM FILE FOR BRANCHED AND CYCLIC CHAINED LIPIDS.  FOLLOWING READING OF
 RDTITL> * TOP_ALL36_LIPID.RTF, PAR_ALL36_LIPID.PRM
 RDTITL> * AND
 RDTITL> * TOPPAR_ALL36_LIPID_BACTERIAL.STR
 RDTITL> *
 Parameter: IN1 <- "" <empty>
  
 CHARMM>     
  
 CHARMM>    read rtf card append
 MAINIO> Residue topology file being read from unit  98.
 RDTITL> * CHOLESTEROL RESIDUES
 RDTITL> *
 **** WARNING from RTFRDR **** The total charge of the residue, AGPA,   0.0200000,
 does not equal the expected charge,  -0.0700000.
          RESI DALO               0.000
 **** WARNING from RTFRDR **** The total charge of the residue, PGL2,  -0.4600000,
 does not equal the expected charge,   0.0000000.
          PRES PGL3           0.00
*** WARNING **** residue PHEN already exists (old one deleted)

      ***** LEVEL  1 WARNING FROM <RTFRDR> *****
      ***** Residue already exists.
      ******************************************
      BOMLEV (  0) IS NOT REACHED. WRNLEV IS  5

          RESI PHEN          0.00
*** WARNING **** residue AGLC already exists (old one deleted)

      ***** LEVEL  1 WARNING FROM <RTFRDR> *****
      ***** Residue already exists.
      ******************************************
      BOMLEV (  0) IS NOT REACHED. WRNLEV IS  5

          RESI AGLC           0.000
 There were   4 warning(s) from RTFRDR.
  
 CHARMM>     
  
 CHARMM>    read para card flex @app
 Parameter: APP -> "APPEND"

          PARAMETER FILE BEING READ FROM UNIT 98
 RDTITL> * NEW PARAMETERS
 RDTITL> *
 PARRDR> Error: Repeated ANGLE parameter (  9221): CEL1  CEL1  CTL1 is replaced
 PARRDR> Error: Repeated DIHE parameter ( 36464): CTL2  CG2O  CTL1  CTL3 is replaced
 PARRDR> Error: Repeated DIHE parameter ( 36465): CTL2  CG2O  CTL1  CTL3 is replaced
 PARRDR> Error: Repeated DIHE parameter ( 36464): CTL2  CG2O  CTL1  CTL3 is replaced
 PARRDR> Error: Repeated DIHE parameter ( 36465): CTL2  CG2O  CTL1  CTL3 is replaced
 PARMIO> NONBOND, HBOND lists and IMAGE atoms cleared.
  
 CHARMM>     
  
 CHARMM>    RETURN
 VCLOSE: Closing unit   98 with status "KEEP"

                    RETURNING TO INPUT STREAM    99
  
 CHARMM>    stream toppar/toppar_all36_lipid_miscellaneous.str
 VOPEN> Attempting to open::toppar/toppar_all36_lipid_miscellaneous.str::
 OPNLGU> Unit 98 opened for READONLY access to toppar/toppar_all36_lipid_miscellaneous.str

                    INPUT STREAM SWITCHING TO UNIT    98
 RDTITL> READ RTF CARD APPEND FLEX
 RDTITL> No title read.
 Parameter: IN1 <- "" <empty>
  
 CHARMM>    read rtf card append flex
 MAINIO> Residue topology file being read from unit  98.
 RDTITL> * TOPOLOGY FOR MISCELLANEOUS LIPIDS
 RDTITL> *
  
 CHARMM>     
  
 CHARMM>    read param card flex append

          PARAMETER FILE BEING READ FROM UNIT 98
 RDTITL> * PARAMETER FOR ACYL PYROPHOSPHATE: ADDED 2019_7
 RDTITL> *
 PARMIO> NONBOND, HBOND lists and IMAGE atoms cleared.
  
 CHARMM>     
  
 CHARMM>    return
 VCLOSE: Closing unit   98 with status "KEEP"

                    RETURNING TO INPUT STREAM    99
  
 CHARMM>    stream toppar/toppar_all36_lipid_model.str
 VOPEN> Attempting to open::toppar/toppar_all36_lipid_model.str::
 OPNLGU> Unit 98 opened for READONLY access to toppar/toppar_all36_lipid_model.str

                    INPUT STREAM SWITCHING TO UNIT    98
 RDTITL> * CHARMM36 ALL-HYDROGEN LIPID FORCE FIELD TOPPAR STREAM FILE
 RDTITL> * COLLECTION OF RESIDUES AND PATCHES FOR MODEL COMPOUNDS USED
 RDTITL> * IN THE OPTIMIZATION THE LIPID FORCE FIELD.
 RDTITL> *
 Parameter: IN1 <- "" <empty>
  
 CHARMM>     
  
 CHARMM>    !Parent files that have to be read prior to streaming this file
 CHARMM>    !top_all36_lipid.rtf
 CHARMM>    !par_all36_lipid.prm
 CHARMM>     
  
 CHARMM>    !Testcase
 CHARMM>    !test_all36_lipid_model.inp
 CHARMM>     
  
 CHARMM>    read rtf card append
 MAINIO> Residue topology file being read from unit  98.
 RDTITL> * C36 LIPID MODEL COMPOUNDS
 RDTITL> *
*** WARNING **** residue MAS  already exists (old one deleted)

      ***** LEVEL  1 WARNING FROM <RTFRDR> *****
      ***** Residue already exists.
      ******************************************
      BOMLEV (  0) IS NOT REACHED. WRNLEV IS  5

          RESI MAS          0.00
*** WARNING **** residue ETAC already exists (old one deleted)

      ***** LEVEL  1 WARNING FROM <RTFRDR> *****
      ***** Residue already exists.
      ******************************************
      BOMLEV (  0) IS NOT REACHED. WRNLEV IS  5

          RESI ETAC         0.00
*** WARNING **** residue MPRO already exists (old one deleted)

      ***** LEVEL  1 WARNING FROM <RTFRDR> *****
      ***** Residue already exists.
      ******************************************
      BOMLEV (  0) IS NOT REACHED. WRNLEV IS  5

          RESI MPRO         0.00
*** WARNING **** residue MP_1 already exists (old one deleted)

      ***** LEVEL  1 WARNING FROM <RTFRDR> *****
      ***** Residue already exists.
      ******************************************
      BOMLEV (  0) IS NOT REACHED. WRNLEV IS  5

          RESI MP_1        -1.00
*** WARNING **** residue MP_2 already exists (old one deleted)

      ***** LEVEL  1 WARNING FROM <RTFRDR> *****
      ***** Residue already exists.
      ******************************************
      BOMLEV (  0) IS NOT REACHED. WRNLEV IS  5

          RESI MP_2        -2.00
*** WARNING **** residue MSO4 already exists (old one deleted)

      ***** LEVEL  1 WARNING FROM <RTFRDR> *****
      ***** Residue already exists.
      ******************************************
      BOMLEV (  0) IS NOT REACHED. WRNLEV IS  5

          RESI MSO4        -1.00
*** WARNING **** residue BUTA already exists (old one deleted)

      ***** LEVEL  1 WARNING FROM <RTFRDR> *****
      ***** Residue already exists.
      ******************************************
      BOMLEV (  0) IS NOT REACHED. WRNLEV IS  5

          RESI BUTA         0.00
*** WARNING **** residue PENT already exists (old one deleted)

      ***** LEVEL  1 WARNING FROM <RTFRDR> *****
      ***** Residue already exists.
      ******************************************
      BOMLEV (  0) IS NOT REACHED. WRNLEV IS  5

          RESI PENT         0.00
*** WARNING **** residue HEXA already exists (old one deleted)

      ***** LEVEL  1 WARNING FROM <RTFRDR> *****
      ***** Residue already exists.
      ******************************************
      BOMLEV (  0) IS NOT REACHED. WRNLEV IS  5

          RESI HEXA         0.00
*** WARNING **** residue ETHE already exists (old one deleted)

      ***** LEVEL  1 WARNING FROM <RTFRDR> *****
      ***** Residue already exists.
      ******************************************
      BOMLEV (  0) IS NOT REACHED. WRNLEV IS  5

          RESI ETHE       0.00
*** WARNING **** residue PRPE already exists (old one deleted)

      ***** LEVEL  1 WARNING FROM <RTFRDR> *****
      ***** Residue already exists.
      ******************************************
      BOMLEV (  0) IS NOT REACHED. WRNLEV IS  5

          RESI PRPE       0.00
*** WARNING **** residue BTE1 already exists (old one deleted)

      ***** LEVEL  1 WARNING FROM <RTFRDR> *****
      ***** Residue already exists.
      ******************************************
      BOMLEV (  0) IS NOT REACHED. WRNLEV IS  5

          RESI BTE1       0.00
*** WARNING **** residue BTE2 already exists (old one deleted)

      ***** LEVEL  1 WARNING FROM <RTFRDR> *****
      ***** Residue already exists.
      ******************************************
      BOMLEV (  0) IS NOT REACHED. WRNLEV IS  5

          RESI BTE2       0.00
*** WARNING **** residue DIPE already exists (old one deleted)

      ***** LEVEL  1 WARNING FROM <RTFRDR> *****
      ***** Residue already exists.
      ******************************************
      BOMLEV (  0) IS NOT REACHED. WRNLEV IS  5

          RESI DIPE       0.00
*** WARNING **** residue DIHE already exists (old one deleted)

      ***** LEVEL  1 WARNING FROM <RTFRDR> *****
      ***** Residue already exists.
      ******************************************
      BOMLEV (  0) IS NOT REACHED. WRNLEV IS  5

          RESI DIHE       0.00
*** WARNING **** residue NC4  already exists (old one deleted)

      ***** LEVEL  1 WARNING FROM <RTFRDR> *****
      ***** Residue already exists.
      ******************************************
      BOMLEV (  0) IS NOT REACHED. WRNLEV IS  5

          RESI NC4          1.00
*** WARNING **** residue NC5  already exists (old one deleted)

      ***** LEVEL  1 WARNING FROM <RTFRDR> *****
      ***** Residue already exists.
      ******************************************
      BOMLEV (  0) IS NOT REACHED. WRNLEV IS  5

          RESI NC5          1.00
*** WARNING **** residue CHOL already exists (old one deleted)

      ***** LEVEL  1 WARNING FROM <RTFRDR> *****
      ***** Residue already exists.
      ******************************************
      BOMLEV (  0) IS NOT REACHED. WRNLEV IS  5

          RESI CHOL         1.00
*** WARNING **** residue ACHO already exists (old one deleted)

      ***** LEVEL  1 WARNING FROM <RTFRDR> *****
      ***** Residue already exists.
      ******************************************
      BOMLEV (  0) IS NOT REACHED. WRNLEV IS  5

          RESI ACHO         1.00
*** WARNING **** residue PC   already exists (old one deleted)

      ***** LEVEL  1 WARNING FROM <RTFRDR> *****
      ***** Residue already exists.
      ******************************************
      BOMLEV (  0) IS NOT REACHED. WRNLEV IS  5

          RESI PC           0.00
*** WARNING **** residue GPC  already exists (old one deleted)

      ***** LEVEL  1 WARNING FROM <RTFRDR> *****
      ***** Residue already exists.
      ******************************************
      BOMLEV (  0) IS NOT REACHED. WRNLEV IS  5

          RESI GPC          0.00
*** WARNING **** residue TEA  already exists (old one deleted)

      ***** LEVEL  1 WARNING FROM <RTFRDR> *****
      ***** Residue already exists.
      ******************************************
      BOMLEV (  0) IS NOT REACHED. WRNLEV IS  5

          RESI TEA          1.00
*** WARNING **** residue ETAM already exists (old one deleted)

      ***** LEVEL  1 WARNING FROM <RTFRDR> *****
      ***** Residue already exists.
      ******************************************
      BOMLEV (  0) IS NOT REACHED. WRNLEV IS  5

          RESI ETAM       1.00
*** WARNING **** residue GLYC already exists (old one deleted)

      ***** LEVEL  1 WARNING FROM <RTFRDR> *****
      ***** Residue already exists.
      ******************************************
      BOMLEV (  0) IS NOT REACHED. WRNLEV IS  5

          RESI GLYC         0.00
*** WARNING **** residue MBUT already exists (old one deleted)

      ***** LEVEL  1 WARNING FROM <RTFRDR> *****
      ***** Residue already exists.
      ******************************************
      BOMLEV (  0) IS NOT REACHED. WRNLEV IS  5

          RESI MBUT         0.00
 There were  25 warning(s) from RTFRDR.
  
 CHARMM>     
  
 CHARMM>    return
 VCLOSE: Closing unit   98 with status "KEEP"

                    RETURNING TO INPUT STREAM    99
  
 CHARMM>    stream toppar/toppar_all36_lipid_prot.str
 VOPEN> Attempting to open::toppar/toppar_all36_lipid_prot.str::
 OPNLGU> Unit 98 opened for READONLY access to toppar/toppar_all36_lipid_prot.str

                    INPUT STREAM SWITCHING TO UNIT    98
 RDTITL> * TOPOLOGY AND PARAMETERS FOR LIPID TAIL LINKERS TO CYSTEINE AND GLYCINE,
 RDTITL> * FOR EXAMPLE, PALMITOYLATION, MARISTOYLATION, FERNASYLATION, GERANYLATION
 RDTITL> *
 Parameter: IN1 <- "" <empty>
  
 CHARMM>     
  
 CHARMM>    read rtf card append
 MAINIO> Residue topology file being read from unit  98.
 RDTITL> * LIPID-MODIFIED PROTEIN RESIDUES
 RDTITL> *
  
 CHARMM>     
  
 CHARMM>    read para card append flex

          PARAMETER FILE BEING READ FROM UNIT 98
 RDTITL> * CYSTEIN-PALMITATE PARAMETERS
 RDTITL> *
 PARMIO> NONBOND, HBOND lists and IMAGE atoms cleared.
  
 CHARMM>     
  
 CHARMM>    return
 VCLOSE: Closing unit   98 with status "KEEP"

                    RETURNING TO INPUT STREAM    99
  
 CHARMM>    stream toppar/toppar_all36_lipid_tag.str
 VOPEN> Attempting to open::toppar/toppar_all36_lipid_tag.str::
 OPNLGU> Unit 98 opened for READONLY access to toppar/toppar_all36_lipid_tag.str

                    INPUT STREAM SWITCHING TO UNIT    98
 RDTITL> READ RTF CARD APPEND
 RDTITL> No title read.
 Parameter: IN1 <- "" <empty>
  
 CHARMM>    read rtf card append
 MAINIO> Residue topology file being read from unit  98.
 RDTITL> * TOPOLOGY FOR TRIACYLGLYCEROLS [STEPHEN GEE FROM LEHIGH UNIVERSITY]
 RDTITL> *
  
 VCLOSE: Closing unit   98 with status "KEEP"

                    RETURNING TO INPUT STREAM    99
  
 CHARMM>    stream toppar/toppar_all36_lipid_yeast.str
 VOPEN> Attempting to open::toppar/toppar_all36_lipid_yeast.str::
 OPNLGU> Unit 98 opened for READONLY access to toppar/toppar_all36_lipid_yeast.str

                    INPUT STREAM SWITCHING TO UNIT    98
 RDTITL> * TOPPAR STREAM FILE FOR BRANCHED AND CYCLIC CHAINED LIPIDS.  FOLLOWING READING OF
 RDTITL> * TOP_ALL36_LIPID.RTF
 RDTITL> * AND
 RDTITL> * PAR_ALL36_LIPID.RTF
 RDTITL> *
 Parameter: IN1 <- "" <empty>
  
 CHARMM>     
  
 CHARMM>    set nat ?NATC
 RDCMND substituted energy or value "?NATC" to "592"
 Parameter: NAT <- "592"
  
 CHARMM>    set app
 Parameter: APP <- "" <empty>
  
 CHARMM>    !We're exploiting what is arguably a bug in the parser. On the left hand side,
 CHARMM>    !the quotes have proirity, so NAT is correctly substituted. On the right hand
 CHARMM>    !side, the ? has priority and NATC" (sic) is not a valid substitution...
 CHARMM>    if "@NAT" ne "?NATC" if @nat ne 0 set app append
 Parameter: NAT -> "592"
 Parameter: NAT -> "592"
 RDCMND: can not substitute energy "?NATC""
 Comparing ""592"" and ""?NATC"".
 IF test evaluated as true.  Performing command
 Comparing "592" and "0".
 IF test evaluated as true.  Performing command
 Parameter: APP <- "APPEND"
  
 CHARMM>     
  
 CHARMM>    read rtf card @app
 Parameter: APP -> "APPEND"
 MAINIO> Residue topology file being read from unit  98.
 RDTITL> * CHOLESTEROL RESIDUES
 RDTITL> *
  
 CHARMM>     
  
 CHARMM>    read para card flex @app
 Parameter: APP -> "APPEND"

          PARAMETER FILE BEING READ FROM UNIT 98
 RDTITL> * NEW PARAMETERS
 RDTITL> *
 PARMIO> NONBOND, HBOND lists and IMAGE atoms cleared.
  
 CHARMM>     
  
 CHARMM>    return
 VCLOSE: Closing unit   98 with status "KEEP"

                    RETURNING TO INPUT STREAM    99
  
 CHARMM>    stream toppar/toppar_all36_lipid_hmmm.str
 VOPEN> Attempting to open::toppar/toppar_all36_lipid_hmmm.str::
 OPNLGU> Unit 98 opened for READONLY access to toppar/toppar_all36_lipid_hmmm.str

                    INPUT STREAM SWITCHING TO UNIT    98
 RDTITL> READ RTF CARD APPEND FLEX
 RDTITL> No title read.
 Parameter: IN1 <- "" <empty>
  
 CHARMM>    read rtf card append flex
 MAINIO> Residue topology file being read from unit  98.
 RDTITL> * TOPOLOGY FOR TERMINAL PATCHES FOR HMMM TRUNCATED LIPIDS
 RDTITL> *

      ***** LEVEL  1 WARNING FROM <DECODF> *****
      ***** Zero length string
      ******************************************
      BOMLEV (  0) IS NOT REACHED. WRNLEV IS  5

 WARNING from DECODF -- Zero length string being converted to 0.

      ***** LEVEL  1 WARNING FROM <DECODF> *****
      ***** Zero length string
      ******************************************
      BOMLEV (  0) IS NOT REACHED. WRNLEV IS  5

 WARNING from DECODF -- Zero length string being converted to 0.

      ***** LEVEL  1 WARNING FROM <DECODF> *****
      ***** Zero length string
      ******************************************
      BOMLEV (  0) IS NOT REACHED. WRNLEV IS  5

 WARNING from DECODF -- Zero length string being converted to 0.

      ***** LEVEL  1 WARNING FROM <DECODF> *****
      ***** Zero length string
      ******************************************
      BOMLEV (  0) IS NOT REACHED. WRNLEV IS  5

 WARNING from DECODF -- Zero length string being converted to 0.

      ***** LEVEL  1 WARNING FROM <DECODF> *****
      ***** Zero length string
      ******************************************
      BOMLEV (  0) IS NOT REACHED. WRNLEV IS  5

 WARNING from DECODF -- Zero length string being converted to 0.

      ***** LEVEL  1 WARNING FROM <DECODF> *****
      ***** Zero length string
      ******************************************
      BOMLEV (  0) IS NOT REACHED. WRNLEV IS  5

 WARNING from DECODF -- Zero length string being converted to 0.

      ***** LEVEL  1 WARNING FROM <DECODF> *****
      ***** Zero length string
      ******************************************
      BOMLEV (  0) IS NOT REACHED. WRNLEV IS  5

 WARNING from DECODF -- Zero length string being converted to 0.

      ***** LEVEL  1 WARNING FROM <DECODF> *****
      ***** Zero length string
      ******************************************
      BOMLEV (  0) IS NOT REACHED. WRNLEV IS  5

 WARNING from DECODF -- Zero length string being converted to 0.
  
 CHARMM>     
  
 CHARMM>    read para card flex @app
 Parameter: APP -> "APPEND"

          PARAMETER FILE BEING READ FROM UNIT 98
 RDTITL> * NEW PARAMETERS
 RDTITL> *
 PARMIO> NONBOND, HBOND lists and IMAGE atoms cleared.
  
 CHARMM>     
  
 CHARMM>    return
 VCLOSE: Closing unit   98 with status "KEEP"

                    RETURNING TO INPUT STREAM    99
  
 CHARMM>    stream toppar/toppar_all36_lipid_detergent.str
 VOPEN> Attempting to open::toppar/toppar_all36_lipid_detergent.str::
 OPNLGU> Unit 98 opened for READONLY access to toppar/toppar_all36_lipid_detergent.str

                    INPUT STREAM SWITCHING TO UNIT    98
 RDTITL> * TOPPAR STREAM FILE FOR DETERGENTS AND FATTY ACIDS.
 RDTITL> * STREAM FOLLOWING READING OF
 RDTITL> * TOP_ALL36_LIPID.RTF
 RDTITL> * AND
 RDTITL> * PAR_ALL36_LIPID.RTF
 RDTITL> *
 Parameter: IN1 <- "" <empty>
  
 CHARMM>     
  
 CHARMM>    !Additional residues added by Im lab, Aug. 2017
 CHARMM>     
  
 CHARMM>    !Fatty acids added Jan. 2016
 CHARMM>     
  
 CHARMM>    read rtf card append
 MAINIO> Residue topology file being read from unit  98.
 RDTITL> * DETERGENT AND FATTY ACID RESIDUES
 RDTITL> *
  
 CHARMM>     
  
 CHARMM>    read para card append flex

          PARAMETER FILE BEING READ FROM UNIT 98
 RDTITL> * SB3-12 AND SB3-14 PARAMETERS
 RDTITL> *
 PARMIO> NONBOND, HBOND lists and IMAGE atoms cleared.
  
 CHARMM>     
  
 CHARMM>    return
 VCLOSE: Closing unit   98 with status "KEEP"

                    RETURNING TO INPUT STREAM    99
  
 CHARMM>    stream toppar/toppar_all36_lipid_ether.str
 VOPEN> Attempting to open::toppar/toppar_all36_lipid_ether.str::
 OPNLGU> Unit 98 opened for READONLY access to toppar/toppar_all36_lipid_ether.str

                    INPUT STREAM SWITCHING TO UNIT    98
 RDTITL> * CHARMM36 ALL-HYDROGEN ETHER LIPID FORCE FIELD INCLUDING PLASMALOGENS ALISON
 RDTITL> * N. LEONARD (A. L.), 7/18 WITH RICHARD PASTOR AND JEFFERY KLAUDA, JPCB 122(26)
 RDTITL> * PP. 6744 - 6754.  ANA WEST, 1/20 WITH VALERIA ZONI, WALTER TEAGUE JR., ALISON
 RDTITL> * LEONARD, STEFANO VANNI, KLAUS GAWRISCH, STEPHANIE TRISTAM-NAGLE, JONATHAN
 RDTITL> * SACHS, AND JEFFERY KLAUDA, JPCB 124(5) PP. 828 - 839.
 RDTITL> *
 Parameter: IN1 <- "" <empty>
  
 CHARMM>     
  
 CHARMM>    !Parent files that have to be read prior to streaming this file
 CHARMM>    !top_all36_lipid.rtf
 CHARMM>    !par_all36_lipid.prm
 CHARMM>    !top_all36_cgenff.rtf
 CHARMM>    !par_all36_cgenff.prm
 CHARMM>     
  
 CHARMM>    read rtf card append
 MAINIO> Residue topology file being read from unit  98.
 RDTITL> * C36 ETHER MODEL COMPOUNDS
 RDTITL> *

      ***** LEVEL  1 WARNING FROM <DECODF> *****
      ***** Zero length string
      ******************************************
      BOMLEV (  0) IS NOT REACHED. WRNLEV IS  5

 WARNING from DECODF -- Zero length string being converted to 0.

      ***** LEVEL  1 WARNING FROM <DECODF> *****
      ***** Zero length string
      ******************************************
      BOMLEV (  0) IS NOT REACHED. WRNLEV IS  5

 WARNING from DECODF -- Zero length string being converted to 0.

      ***** LEVEL  1 WARNING FROM <DECODF> *****
      ***** Zero length string
      ******************************************
      BOMLEV (  0) IS NOT REACHED. WRNLEV IS  5

 WARNING from DECODF -- Zero length string being converted to 0.
  
 CHARMM>     
  
 CHARMM>    read para card flex append

          PARAMETER FILE BEING READ FROM UNIT 98
 RDTITL> * PARAMETERS
 RDTITL> *
 PARRDR> Error: Repeated ANGLE parameter (  7501): CG32  OG30  CG31 is replaced
 PARRDR> Error: Repeated ANGLE parameter (  1342): CG31  CG2D  CG33 is replaced
 PARMIO> NONBOND, HBOND lists and IMAGE atoms cleared.
  
 CHARMM>     
  
 CHARMM>    return
 VCLOSE: Closing unit   98 with status "KEEP"

                    RETURNING TO INPUT STREAM    99
  
 CHARMM>    stream toppar/toppar_all36_lipid_oxidized.str
 VOPEN> Attempting to open::toppar/toppar_all36_lipid_oxidized.str::
 OPNLGU> Unit 98 opened for READONLY access to toppar/toppar_all36_lipid_oxidized.str

                    INPUT STREAM SWITCHING TO UNIT    98
 RDTITL> READ RTF CARD APPEND
 RDTITL> No title read.
 Parameter: IN1 <- "" <empty>
  
 CHARMM>    read rtf card append
 MAINIO> Residue topology file being read from unit  98.
 RDTITL> * TOPOLOGY FOR OXIDIZED PHOSPHOLIPID
 RDTITL> *

      ***** LEVEL  1 WARNING FROM <rtfrdr> *****
      ***** No AUTOgen defaults specified in appended RTF. Potential conflict with prior RTF autogen options. Check.
      ******************************************
      BOMLEV (  0) IS NOT REACHED. WRNLEV IS  5

  
 CHARMM>     
  
 CHARMM>    read param card flex append

          PARAMETER FILE BEING READ FROM UNIT 98
 RDTITL> * ADDITIONAL PARAMETERS FOR OXIDIZED PHOSPHOLIPIDS
 RDTITL> *
 PARRDR> Error: Repeated DIHE parameter (  5771): CG2D  CG2D  CG2D  CG31 is replaced
 PARRDR> Error: Repeated DIHE parameter (  5772): CG2D  CG2D  CG2D  CG31 is replaced
 PARRDR> Error: Repeated DIHE parameter (  5771): CG2D  CG2D  CG2D  CG31 is replaced
 PARRDR> Error: Repeated DIHE parameter (  5772): CG2D  CG2D  CG2D  CG31 is replaced
 PARRDR> Error: Repeated DIHE parameter (  6202): CG2D  CG2D  CG31  CG32 is replaced
 PARRDR> Error: Repeated DIHE parameter (  6203): CG2D  CG2D  CG31  CG32 is replaced
 PARRDR> Error: Repeated DIHE parameter (  6202): CG2D  CG2D  CG31  CG32 is replaced
 PARRDR> Error: Repeated DIHE parameter (  6203): CG2D  CG2D  CG31  CG32 is replaced
 PARRDR> Error: Repeated DIHE parameter (  6221): CG2D  CG2D  CG31  HGA1 is replaced
 PARRDR> Error: Repeated DIHE parameter ( 19677): CG2D  CG31  CG32  CG32 is replaced
 PARRDR> Error: Repeated DIHE parameter ( 19678): CG2D  CG31  CG32  CG32 is replaced
 PARRDR> Error: Repeated DIHE parameter ( 19679): CG2D  CG31  CG32  CG32 is replaced
 PARRDR> Error: Repeated DIHE parameter ( 19677): CG2D  CG31  CG32  CG32 is replaced
 PARRDR> Error: Repeated DIHE parameter ( 19678): CG2D  CG31  CG32  CG32 is replaced
 PARRDR> Error: Repeated DIHE parameter ( 19679): CG2D  CG31  CG32  CG32 is replaced
 PARRDR> Error: Repeated DIHE parameter ( 19677): CG2D  CG31  CG32  CG32 is replaced
 PARRDR> Error: Repeated DIHE parameter ( 19678): CG2D  CG31  CG32  CG32 is replaced
 PARRDR> Error: Repeated DIHE parameter ( 19679): CG2D  CG31  CG32  CG32 is replaced
 PARRDR> Error: Repeated DIHE parameter ( 19682): CG2D  CG31  CG32  HGA2 is replaced
 PARRDR> Error: Repeated DIHE parameter (  5835): CG31  CG2D  CG2D  HGA4 is replaced
 PARRDR> Error: Repeated DIHE parameter (  6247): HGA4  CG2D  CG31  CG32 is replaced
 PARRDR> Error: Repeated DIHE parameter (  6248): HGA4  CG2D  CG31  CG32 is replaced
 PARRDR> Error: Repeated DIHE parameter (  6262): HGA4  CG2D  CG31  HGA1 is replaced
 PARMIO> NONBOND, HBOND lists and IMAGE atoms cleared.
  
 CHARMM>     
  
 CHARMM>    RETURN
 VCLOSE: Closing unit   98 with status "KEEP"

                    RETURNING TO INPUT STREAM    99
  
 CHARMM>     
  
 CHARMM>    ! Additional topologies and parameters for carbohydrates
 CHARMM>    stream toppar/toppar_all36_carb_glycolipid.str
 VOPEN> Attempting to open::toppar/toppar_all36_carb_glycolipid.str::
 OPNLGU> Unit 98 opened for READONLY access to toppar/toppar_all36_carb_glycolipid.str

                    INPUT STREAM SWITCHING TO UNIT    98
 RDTITL> READ RTF CARD APPEND
 RDTITL> No title read.
 Parameter: IN1 <- "" <empty>
  
 CHARMM>    read rtf card append
 MAINIO> Residue topology file being read from unit  98.
 RDTITL> * TOPOLOGY FOR GLYCOLIPIDS
 RDTITL> *
  
 CHARMM>     
  
 CHARMM>    read param card flex append

          PARAMETER FILE BEING READ FROM UNIT 98
 RDTITL> * PIP RELATED PARAMETERS
 RDTITL> *
 PARRDR> Error: Repeated BOND parameter (  1099): CG2R  NG3N is replaced
 PARRDR> Error: Repeated ANGLE parameter (  3757): CG2R  CG30  CG32 is replaced
 PARRDR> Error: Repeated ANGLE parameter (  4665): CG30  CG32  CG30 is replaced
 PARRDR> Error: Repeated ANGLE parameter (  3430): NG2R  CG2R  NG3N is replaced
 PARRDR> Error: Repeated ANGLE parameter (  7348): CG2R  NG3N  NG3N is replaced
 PARRDR> Error: Repeated ANGLE parameter (  7349): CG2R  NG3N  HGP1 is replaced
 PARRDR> Error: Repeated DIHE parameter ( 22427): CG2D  CG32  CG32  CG31 is replaced
 PARRDR> Error: Repeated DIHE parameter ( 22428): CG2D  CG32  CG32  CG31 is replaced
 PARRDR> Error: Repeated DIHE parameter ( 22429): CG2D  CG32  CG32  CG31 is replaced
 PARRDR> Error: Repeated DIHE parameter ( 22427): CG2D  CG32  CG32  CG31 is replaced
 PARRDR> Error: Repeated DIHE parameter ( 22428): CG2D  CG32  CG32  CG31 is replaced
 PARRDR> Error: Repeated DIHE parameter ( 22429): CG2D  CG32  CG32  CG31 is replaced
 PARRDR> Error: Repeated DIHE parameter ( 22427): CG2D  CG32  CG32  CG31 is replaced
 PARRDR> Error: Repeated DIHE parameter ( 22428): CG2D  CG32  CG32  CG31 is replaced
 PARRDR> Error: Repeated DIHE parameter ( 22429): CG2D  CG32  CG32  CG31 is replaced
 PARRDR> Error: Repeated DIHE parameter ( 18419): CG2R  CG30  CG32  HGA2 is replaced
 PARRDR> Error: Repeated DIHE parameter ( 18411): CG2R  CG30  CG32  CG30 is replaced
 PARRDR> Error: Repeated DIHE parameter ( 18412): CG2R  CG30  CG32  CG30 is replaced
 PARRDR> Error: Repeated DIHE parameter ( 14412): CG2R  CG2R  CG30  CG32 is replaced
 PARRDR> Error: Repeated DIHE parameter ( 36542): CG2R  CG2R  CG2R  OC30 is replaced
 PARRDR> Error: Repeated DIHE parameter ( 18471): CG33  CG30  CG32  CG30 is replaced
 PARRDR> Error: Repeated DIHE parameter ( 17027): NG2R  CG2R  NG3N  NG3N is replaced
 PARRDR> Error: Repeated DIHE parameter ( 17028): NG2R  CG2R  NG3N  NG3N is replaced
 PARRDR> Error: Repeated DIHE parameter ( 17029): NG2R  CG2R  NG3N  NG3N is replaced
 PARRDR> Error: Repeated DIHE parameter ( 17027): NG2R  CG2R  NG3N  NG3N is replaced
 PARRDR> Error: Repeated DIHE parameter ( 17028): NG2R  CG2R  NG3N  NG3N is replaced
 PARRDR> Error: Repeated DIHE parameter ( 17029): NG2R  CG2R  NG3N  NG3N is replaced
 PARRDR> Error: Repeated DIHE parameter ( 17030): NG2R  CG2R  NG3N  HGP1 is replaced
 PARRDR> Error: Repeated DIHE parameter ( 31669): CG2R  NG3N  NG3N  HGP1 is replaced
 PARRDR> Error: Repeated DIHE parameter ( 24062): CG32  CG32  NG30  CG2R is replaced
 PARRDR> Error: Repeated DIHE parameter ( 24063): CG32  CG32  NG30  CG2R is replaced
 PARRDR> Error: Repeated DIHE parameter ( 24062): CG32  CG32  NG30  CG2R is replaced
 PARRDR> Error: Repeated DIHE parameter ( 24063): CG32  CG32  NG30  CG2R is replaced
 PARRDR> Error: Repeated DIHE parameter ( 22848): NG31  CG32  CG32  NG31 is replaced
 PARRDR> Error: Repeated DIHE parameter ( 22849): NG31  CG32  CG32  NG31 is replaced
 PARMIO> NONBOND, HBOND lists and IMAGE atoms cleared.
  
 CHARMM>     
  
 CHARMM>    RETURN
 VCLOSE: Closing unit   98 with status "KEEP"

                    RETURNING TO INPUT STREAM    99
  
 CHARMM>    stream toppar/toppar_all36_carb_glycopeptide.str
 VOPEN> Attempting to open::toppar/toppar_all36_carb_glycopeptide.str::
 OPNLGU> Unit 98 opened for READONLY access to toppar/toppar_all36_carb_glycopeptide.str

                    INPUT STREAM SWITCHING TO UNIT    98
 RDTITL> READ RTF CARD APPEND
 RDTITL> No title read.
 Parameter: IN1 <- "" <empty>
  
 CHARMM>    read rtf card append
 MAINIO> Residue topology file being read from unit  98.
 RDTITL> * TOPOLOGY FOR GLYCOPEPTIDE LINKAGES
 RDTITL> *
  
 CHARMM>     
  
 CHARMM>    read param card flex append

          PARAMETER FILE BEING READ FROM UNIT 98
 RDTITL> *    NEW PARAMETES
 RDTITL> *
 PARMIO> NONBOND, HBOND lists and IMAGE atoms cleared.
  
 CHARMM>     
  
 CHARMM>     
  
 CHARMM>    RETURN
 VCLOSE: Closing unit   98 with status "KEEP"

                    RETURNING TO INPUT STREAM    99
  
 CHARMM>    stream toppar/toppar_all36_carb_imlab.str
 VOPEN> Attempting to open::toppar/toppar_all36_carb_imlab.str::
 OPNLGU> Unit 98 opened for READONLY access to toppar/toppar_all36_carb_imlab.str

                    INPUT STREAM SWITCHING TO UNIT    98
 RDTITL> READ RTF CARD APPEND
 RDTITL> No title read.
 Parameter: IN1 <- "" <empty>
  
 CHARMM>    read rtf card append
 MAINIO> Residue topology file being read from unit  98.
 RDTITL> * GLYCAN CHEMICAL MODIFICATION PATCHES
 RDTITL> *

      ***** LEVEL  1 WARNING FROM <rtfrdr> *****
      ***** No AUTOgen defaults specified in appended RTF. Potential conflict with prior RTF autogen options. Check.
      ******************************************
      BOMLEV (  0) IS NOT REACHED. WRNLEV IS  5

  
 CHARMM>     
  
 CHARMM>    read param card flex append

          PARAMETER FILE BEING READ FROM UNIT 98
 RDTITL> * GLYCAN CHEMICAL MODIFICATION PATCHES
 RDTITL> *
 PARRDR> Error: Repeated DIHE parameter ( 13781): NG2S  CG2R  CG2R  NG2O is replaced
 PARMIO> NONBOND, HBOND lists and IMAGE atoms cleared.
  
 CHARMM>     
  
 CHARMM>    RETURN
 VCLOSE: Closing unit   98 with status "KEEP"

                    RETURNING TO INPUT STREAM    99
  
 CHARMM>     
  
 CHARMM>    ! Additional topologies and parameters for spin/fluorophore labels
 CHARMM>    stream toppar/toppar_all36_label_spin.str
 VOPEN> Attempting to open::toppar/toppar_all36_label_spin.str::
 OPNLGU> Unit 98 opened for READONLY access to toppar/toppar_all36_label_spin.str

                    INPUT STREAM SWITCHING TO UNIT    98
 RDTITL> *>>>>> TOPOLOGY FOR NITROXYDE SPIN LABELS <<<<<<<
 RDTITL> * SHAHIDUL M. ISLAM, UNIVERSITY OF CHICAGO
 RDTITL> *
 Parameter: IN1 <- "" <empty>
  
 CHARMM>     
  
 CHARMM>    ! please reference the following:
 CHARMM>    !Sezer, D., Freed J. H., and Roux, B. “Parametrization, Molecular Dynamics Simulation, and Calculation of Electron Spin
 CHARMM>    !Resonance Spectra of a Nitroxide Spin Label on a Polyalanine alpha-Helix” J. Phys. Chem. B 2008, 112, 5755-5767
 CHARMM>     
  
 CHARMM>    !Islam, S. M., and Roux, B. “Parameterization and molecular dynamics simulations of a
 CHARMM>    !conformationally constrained double linked spin label constrained by EPR/DEER data”
 CHARMM>    !(planed submission to J journal)
 CHARMM>     
  
 CHARMM>    !test "append" to determine if previous toppar files have been read and
 CHARMM>    !add append to "read rtf card" if true
 CHARMM>    set nat ?NATC
 RDCMND substituted energy or value "?NATC" to "592"
 Parameter: NAT <- "592"
  
 CHARMM>    set app
 Parameter: APP <- "" <empty>
  
 CHARMM>    !We're exploiting what is arguably a bug in the parser. On the left hand side,
 CHARMM>    !the quotes have proirity, so NAT is correctly substituted. On the right hand
 CHARMM>    !side, the ? has priority and NATC" (sic) is not a valid substitution...
 CHARMM>    if "@NAT" ne "?NATC" if @nat ne 0 set app append
 Parameter: NAT -> "592"
 Parameter: NAT -> "592"
 RDCMND: can not substitute energy "?NATC""
 Comparing ""592"" and ""?NATC"".
 IF test evaluated as true.  Performing command
 Comparing "592" and "0".
 IF test evaluated as true.  Performing command
 Parameter: APP <- "APPEND"
  
 CHARMM>     
  
 CHARMM>     
  
 CHARMM>    read rtf card @app
 Parameter: APP -> "APPEND"
 MAINIO> Residue topology file being read from unit  98.
 RDTITL> * TOPOLOGY FOR SPIN LABEL
 RDTITL> *
  
 CHARMM>     
  
 CHARMM>     
  
 CHARMM>    read para card flex @app
 Parameter: APP -> "APPEND"

          PARAMETER FILE BEING READ FROM UNIT 98
 RDTITL> * PARAMETERS FOR SPIN LABEL
 RDTITL> *
 PARRDR> Error: Repeated BOND parameter (  1467): CG3C  NG2R is replaced
 PARRDR> Error: Repeated BOND parameter (  1659): NG2S  NG2S is replaced
 PARRDR> Error: Repeated ANGLE parameter (  5457): CG33  CG3C  NG2R is replaced
 PARRDR> Error: Repeated ANGLE parameter (  5928): CG3R  CG3C  SG31 is replaced
 PARRDR> Error: Repeated ANGLE parameter (  6245): CG3C  CG3R  NG2R is replaced
 PARRDR> Error: Repeated ANGLE parameter (  7030): CG2O  NG2S  NG2S is replaced
 PARRDR> Error: Repeated ANGLE parameter (  7063): NG2S  NG2S  HGP1 is replaced
 PARRDR> Error: Repeated ANGLE parameter (  7808): CG3C  SG31  CG3C is replaced
 PARRDR> Error: Repeated DIHE parameter (  7841): OG2D  CG2O  NG2S  NG2S is replaced
 PARRDR> Error: Repeated DIHE parameter (  9612): CG2O  CG2R  CG2R  HGR5 is replaced
 PARRDR> Error: Repeated DIHE parameter ( 25682): HGA3  CG33  CG3C  NG2R is replaced
 PARRDR> Error: Repeated DIHE parameter ( 28997): HGA1  CG3C  SG31  CG3C is replaced
 PARRDR> Error: Repeated DIHE parameter ( 29450): SG31  CG3C  CG3R  CG3R is replaced
 PARRDR> Error: Repeated DIHE parameter ( 29451): SG31  CG3C  CG3R  CG3R is replaced
 PARRDR> Error: Repeated DIHE parameter ( 29453): SG31  CG3C  CG3R  HGA1 is replaced
 PARRDR> Error: Repeated DIHE parameter ( 29477): HGA2  CG3C  CG3R  NG2R is replaced
 PARRDR> Error: Repeated DIHE parameter ( 29867): HGA2  CG3C  SG31  CG3C is replaced
 PARRDR> Error: Repeated DIHE parameter ( 30630): CG3C  CG3R  NG2R  CG2R is replaced
 PARRDR> Error: Repeated DIHE parameter ( 30631): CG3C  CG3R  NG2R  CG2R is replaced
 PARRDR> Error: Repeated DIHE parameter ( 31420): CG2O  NG2S  NG2S  HGP1 is replaced
 PARRDR> Error: Repeated DIHE parameter ( 31422): HGP1  NG2S  NG2S  HGP1 is replaced
 PARRDR> Error: Repeated DIHE parameter ( 31423): HGP1  NG2S  NG2S  HGP1 is replaced
 PARRDR> Error: Repeated DIHE parameter ( 31424): HGP1  NG2S  NG2S  HGP1 is replaced
 PARMIO> NONBOND, HBOND lists and IMAGE atoms cleared.
  
 CHARMM>     
  
 CHARMM>    return
 VCLOSE: Closing unit   98 with status "KEEP"

                    RETURNING TO INPUT STREAM    99
  
 CHARMM>    stream toppar/toppar_all36_label_fluorophore.str
 VOPEN> Attempting to open::toppar/toppar_all36_label_fluorophore.str::
 OPNLGU> Unit 98 opened for READONLY access to toppar/toppar_all36_label_fluorophore.str

                    INPUT STREAM SWITCHING TO UNIT    98
 RDTITL> READ RTF CARD APPEND
 RDTITL> No title read.
 Parameter: IN1 <- "" <empty>
  
 CHARMM>    read rtf card append
 MAINIO> Residue topology file being read from unit  98.
 RDTITL> * TOPOLOGY FILES
 RDTITL> *
  
 CHARMM>     
  
 CHARMM>    read param card flex append

          PARAMETER FILE BEING READ FROM UNIT 98
 RDTITL> * MINI FORCE FIELD PARAMETER FILE.
 RDTITL> *
 PARRDR> Error: Repeated BOND parameter (   462): CG25  NG3C is replaced
 PARRDR> Error: Repeated BOND parameter (   872): CG2R  CG3C is replaced
 PARRDR> Error: Repeated ANGLE parameter (  5367): CG2R  CG3C  CG33 is replaced
 PARRDR> Error: Repeated DIHE parameter ( 25685): HGA3  CG33  CG3C  CG2R is replaced
 PARMIO> NONBOND, HBOND lists and IMAGE atoms cleared.
  
 CHARMM>     
  
 VCLOSE: Closing unit   98 with status "KEEP"

                    RETURNING TO INPUT STREAM    99
  
 CHARMM>     
  
 CHARMM>     
  
 CHARMM>    ! Custom topology and parameter files for FAD
 CHARMM>    open read card unit 10 name fad/fad.rtf
 OPNLGU> Unit already open. The old file will be closed first.
 VCLOSE: Closing unit   10 with status "KEEP"
 VOPEN> Attempting to open::fad/fad.rtf::
 OPNLGU> Unit 10 opened for READONLY access to fad/fad.rtf
  
 CHARMM>    read  rtf card unit 10 append
 MAINIO> Residue topology file being read from unit  10.
 TITLE> * TOPOLOGIES GENERATED BY
 TITLE> * CHARMM GENERAL FORCE FIELD (CGENFF) PROGRAM VERSION 4.0
 TITLE> * FOR USE WITH CGENFF TOPOLOGY AND PARAMETER FILES VERSION 5.0
 TITLE> *

      ***** LEVEL  1 WARNING FROM <rtfrdr> *****
      ***** No AUTOgen defaults specified in appended RTF. Potential conflict with prior RTF autogen options. Check.
      ******************************************
      BOMLEV (  0) IS NOT REACHED. WRNLEV IS  5

*** WARNING **** residue FAD  already exists (old one deleted)

      ***** LEVEL  1 WARNING FROM <RTFRDR> *****
      ***** Residue already exists.
      ******************************************
      BOMLEV (  0) IS NOT REACHED. WRNLEV IS  5

          RESI FAD            0.000
 There were   1 warning(s) from RTFRDR.
  
 CHARMM>     
  
 CHARMM>    open read card unit 20 name fad/fad.prm
 OPNLGU> Unit already open. The old file will be closed first.
 VCLOSE: Closing unit   20 with status "KEEP"
 VOPEN> Attempting to open::fad/fad.prm::
 OPNLGU> Unit 20 opened for READONLY access to fad/fad.prm
  
 CHARMM>    read para flex card unit 20 append

          PARAMETER FILE BEING READ FROM UNIT 20
 TITLE> * PARAMETERS GENERATED BY ANALOGY BY
 TITLE> * CHARMM GENERAL FORCE FIELD (CGENFF) PROGRAM VERSION 4.0
 TITLE> * FOR USE WITH CGENFF TOPOLOGY AND PARAMETER FILES VERSION 5.0
 TITLE> *
 PARMIO> NONBOND, HBOND lists and IMAGE atoms cleared.
  
 CHARMM>     
  
 CHARMM>    ! Custom topology and parameter files for LIG
 CHARMM>    open read card unit 10 name lig/lig.rtf
 OPNLGU> Unit already open. The old file will be closed first.
 VCLOSE: Closing unit   10 with status "KEEP"
 VOPEN> Attempting to open::lig/lig.rtf::
 OPNLGU> Unit 10 opened for READONLY access to lig/lig.rtf
  
 CHARMM>    read  rtf card unit 10 append
 MAINIO> Residue topology file being read from unit  10.
 TITLE> * TOPOLOGIES GENERATED BY
 TITLE> * CHARMM GENERAL FORCE FIELD (CGENFF) PROGRAM VERSION 4.0
 TITLE> * FOR USE WITH CGENFF TOPOLOGY AND PARAMETER FILES VERSION 5.0
 TITLE> *

      ***** LEVEL  1 WARNING FROM <rtfrdr> *****
      ***** No AUTOgen defaults specified in appended RTF. Potential conflict with prior RTF autogen options. Check.
      ******************************************
      BOMLEV (  0) IS NOT REACHED. WRNLEV IS  5

  
 CHARMM>     
  
 CHARMM>    open read card unit 20 name lig/lig.prm
 OPNLGU> Unit already open. The old file will be closed first.
 VCLOSE: Closing unit   20 with status "KEEP"
 VOPEN> Attempting to open::lig/lig.prm::
 OPNLGU> Unit 20 opened for READONLY access to lig/lig.prm
  
 CHARMM>    read para flex card unit 20 append

          PARAMETER FILE BEING READ FROM UNIT 20
 TITLE> * PARAMETERS GENERATED BY ANALOGY BY
 TITLE> * CHARMM GENERAL FORCE FIELD (CGENFF) PROGRAM VERSION 4.0
 TITLE> * FOR USE WITH CGENFF TOPOLOGY AND PARAMETER FILES VERSION 5.0
 TITLE> *
 PARRDR> Error: Repeated DIHE parameter ( 36756): CG2D  CG2D  CG32  CG2D is replaced
 PARRDR> Error: Repeated DIHE parameter ( 36757): CG2D  CG2D  CG32  CG2D is replaced
 PARRDR> Error: Repeated DIHE parameter ( 36758): CG2D  CG2D  CG32  CG2D is replaced
 PARRDR> Error: Repeated DIHE parameter ( 36759): CG2D  CG2D  CG32  CG2D is replaced
 PARRDR> Error: Repeated DIHE parameter ( 36756): CG2D  CG2D  CG32  CG2D is replaced
 PARRDR> Error: Repeated DIHE parameter ( 36757): CG2D  CG2D  CG32  CG2D is replaced
 PARRDR> Error: Repeated DIHE parameter ( 36758): CG2D  CG2D  CG32  CG2D is replaced
 PARRDR> Error: Repeated DIHE parameter ( 36759): CG2D  CG2D  CG32  CG2D is replaced
 PARRDR> Error: Repeated DIHE parameter ( 36756): CG2D  CG2D  CG32  CG2D is replaced
 PARRDR> Error: Repeated DIHE parameter ( 36757): CG2D  CG2D  CG32  CG2D is replaced
 PARRDR> Error: Repeated DIHE parameter ( 36758): CG2D  CG2D  CG32  CG2D is replaced
 PARRDR> Error: Repeated DIHE parameter ( 36759): CG2D  CG2D  CG32  CG2D is replaced
 PARRDR> Error: Repeated DIHE parameter ( 36756): CG2D  CG2D  CG32  CG2D is replaced
 PARRDR> Error: Repeated DIHE parameter ( 36757): CG2D  CG2D  CG32  CG2D is replaced
 PARRDR> Error: Repeated DIHE parameter ( 36758): CG2D  CG2D  CG32  CG2D is replaced
 PARRDR> Error: Repeated DIHE parameter ( 36759): CG2D  CG2D  CG32  CG2D is replaced
 PARRDR> Error: Repeated DIHE parameter ( 36007): CG2O  CG2R  CG2R  CG2O is replaced
 PARMIO> NONBOND, HBOND lists and IMAGE atoms cleared.
  
 CHARMM>     
  
 CHARMM>     
  
 VCLOSE: Closing unit   99 with status "KEEP"

                    RETURNING TO INPUT STREAM     5
  
 CHARMM>     
  
 CHARMM>    ! Read PSF and Coordinates
 CHARMM>    read psf  card name step1_pdbreader.psf
 VOPEN> Attempting to open::step1_pdbreader.psf::
 MAINIO> Protein structure file being read from unit  90.
 psf_read_formatted: Reading PSF in the expanded format.
 TITLE>  * GENERATED BY CHARMM-GUI (HTTP://WWW.CHARMM-GUI.ORG) V3.7 ON SEP, 16. 2026. JOB
 TITLE>  * READ PDB, MANIPULATE STRUCTURE IF NEEDED, AND GENERATE TOPOLOGY FILE
 TITLE>  *  DATE:     9/16/26     20:55: 6      CREATED BY USER: charmm-gui
 TITLE>  *
 PSFSUM> PSF modified: NONBOND lists and IMAGE atoms cleared.
 PSFSUM> Summary of the structure file counters :
         Number of segments      =        5   Number of residues   =      547
         Number of atoms         =     8880   Number of groups     =     2637
         Number of bonds         =     9007   Number of angles     =    16297
         Number of dihedrals     =    23910   Number of impropers  =     1460
         Number of cross-terms   =      540   Number of autogens   =        0
         Number of HB acceptors  =      790   Number of HB donors  =      940
         Number of NB exclusions =        0   Total charge =    8.00000
 VCLOSE: Closing unit   90 with status "KEEP"
  
 CHARMM>     
  
 CHARMM>     
  
 CHARMM>     
  
 CHARMM>    stream step2_solvator.str
 VOPEN> Attempting to open::step2_solvator.str::
 OPNLGU> Unit 99 opened for READONLY access to step2_solvator.str

                    INPUT STREAM SWITCHING TO UNIT    99
 RDTITL> * ASSEMBLY SETTINGS
 RDTITL> *
 Parameter: IN1 <- "" <empty>
  
 CHARMM>     READ SEQUENCE TIP3 86885
  
 CHARMM>     GENERATE SOLV SETUP NOANGLE NODIHEDRAL
 NO PATCHING WILL BE DONE ON THE FIRST RESIDUE
 NO PATCHING WILL BE DONE ON THE LAST  RESIDUE
 GENPSF> Segment   6 has been generated. Its identifier is SOLV.
 PSFSUM> PSF modified: NONBOND lists and IMAGE atoms cleared.
 PSFSUM> Summary of the structure file counters :
         Number of segments      =        6   Number of residues   =    87432
         Number of atoms         =   269535   Number of groups     =    89522
         Number of bonds         =   269662   Number of angles     =   103182
         Number of dihedrals     =    23910   Number of impropers  =     1460
         Number of cross-terms   =      540   Number of autogens   =    86885
         Number of HB acceptors  =    87675   Number of HB donors  =   174710
         Number of NB exclusions =        0   Total charge =    8.00000
  
 CHARMM>     SET NPOSTOT = 248
 Parameter: NPOSTOT <- "248"
  
 CHARMM>     SET NNEGTOT = 256
 Parameter: NNEGTOT <- "256"
  
 CHARMM>     SET NIONTOT = 504
 Parameter: NIONTOT <- "504"
  
 CHARMM>     STREAM STEP2.2_IONS.STR
 VOPEN> Attempting to open::step2.2_ions.str::
 OPNLGU> Unit 98 opened for READONLY access to step2.2_ions.str

                    INPUT STREAM SWITCHING TO UNIT    98
 RDTITL> SET NIONTYPES = 1
 RDTITL> No title read.
 Parameter: IN1 <- "" <empty>
  
 CHARMM>     SET NIONTYPES = 1
 Parameter: NIONTYPES <- "1"
  
 CHARMM>     SET NPOSTOT = 248
 Parameter: NPOSTOT <- "248"
  
 CHARMM>     SET NNEGTOT = 256
 Parameter: NNEGTOT <- "256"
  
 CHARMM>     SET NIONTOT = 504
 Parameter: NIONTOT <- "504"
  
 VCLOSE: Closing unit   98 with status "KEEP"

                    RETURNING TO INPUT STREAM    99
  
 VCLOSE: Closing unit   99 with status "KEEP"

                    RETURNING TO INPUT STREAM     5
  
 CHARMM>    read psf  card name step2_solvator.psf
 VOPEN> Attempting to open::step2_solvator.psf::
 MAINIO> Protein structure file being read from unit  90.
 psf_read_formatted: Reading PSF in the expanded format.
 TITLE>  * GENERATED BY CHARMM-GUI (HTTP://WWW.CHARMM-GUI.ORG) V3.7 ON SEP, 16. 2026. JOB
 TITLE>  * SOLVATE PROTEIN IN WATER BOX
 TITLE>  *  DATE:     9/16/26     21:11: 0      CREATED BY USER: charmm-gui
 TITLE>  *
 PSFSUM> PSF modified: NONBOND lists and IMAGE atoms cleared.
 PSFSUM> Summary of the structure file counters :
         Number of segments      =        7   Number of residues   =    87936
         Number of atoms         =   270039   Number of groups     =    90026
         Number of bonds         =   269662   Number of angles     =   103182
         Number of dihedrals     =    23910   Number of impropers  =     1460
         Number of cross-terms   =      540   Number of autogens   =    86885
         Number of HB acceptors  =    87675   Number of HB donors  =   174710
         Number of NB exclusions =        0   Total charge =   -0.00000
 VCLOSE: Closing unit   90 with status "KEEP"
  
 CHARMM>    read coor card name step2_solvator.crd
 VOPEN> Attempting to open::step2_solvator.crd::
          SPATIAL COORDINATES BEING READ FROM UNIT 90
 TITLE> * GENERATED BY CHARMM-GUI (HTTP://WWW.CHARMM-GUI.ORG) V3.7 ON SEP, 16. 2026. JOB
 TITLE> * SOLVATE PROTEIN IN WATER BOX
 TITLE> *  DATE:     9/16/26     21:11: 2      CREATED BY USER: CHARMM-GUI
 TITLE> *
 VCLOSE: Closing unit   90 with status "KEEP"
  
 CHARMM>     
  
 CHARMM>     
  
 CHARMM>    !
 CHARMM>    ! Setup PBC (Periodic Boundary Condition)
 CHARMM>    !
 CHARMM>     
  
 CHARMM>    stream step2.1_waterbox.prm
 VOPEN> Attempting to open::step2.1_waterbox.prm::
 OPNLGU> Unit 99 opened for READONLY access to step2.1_waterbox.prm

                    INPUT STREAM SWITCHING TO UNIT    99
 RDTITL> SET BOXTYPE  = RECT
 RDTITL> No title read.
 Parameter: IN1 <- "" <empty>
  
 CHARMM>     SET BOXTYPE  = RECT
 Parameter: BOXTYPE <- "RECT"
  
 CHARMM>     SET XTLTYPE  = CUBIC
 Parameter: XTLTYPE <- "CUBIC"
  
 CHARMM>     SET A = 142
 Parameter: A <- "142"
  
 CHARMM>     SET B = 142
 Parameter: B <- "142"
  
 CHARMM>     SET C = 142
 Parameter: C <- "142"
  
 CHARMM>     SET ALPHA = 90.0
 Parameter: ALPHA <- "90.0"
  
 CHARMM>     SET BETA  = 90.0
 Parameter: BETA <- "90.0"
  
 CHARMM>     SET GAMMA = 90.0
 Parameter: GAMMA <- "90.0"
  
 CHARMM>     SET XCEN = 0
 Parameter: XCEN <- "0"
  
 CHARMM>     SET YCEN = 0
 Parameter: YCEN <- "0"
  
 CHARMM>     SET ZCEN = 0
 Parameter: ZCEN <- "0"
  
 VCLOSE: Closing unit   99 with status "KEEP"

                    RETURNING TO INPUT STREAM     5
  
 CHARMM>     
  
 CHARMM>    COOR CONVERT ALIGNED SYMMETRIC @A @B @C @alpha @beta @gamma
 Parameter: A -> "142"
 Parameter: B -> "142"
 Parameter: C -> "142"
 Parameter: ALPHA -> "90.0"
 Parameter: BETA -> "90.0"
 Parameter: GAMMA -> "90.0"
  
 CHARMM>     
  
 CHARMM>    open read unit 10 card name crystal_image.str
 OPNLGU> Unit already open. The old file will be closed first.
 VCLOSE: Closing unit   10 with status "KEEP"
 VOPEN> Attempting to open::crystal_image.str::
 OPNLGU> Unit 10 opened for READONLY access to crystal_image.str
  
 CHARMM>    CRYSTAL DEFINE @XTLtype @A @B @C @alpha @beta @gamma
 Parameter: XTLTYPE -> "CUBIC"
 Parameter: A -> "142"
 Parameter: B -> "142"
 Parameter: C -> "142"
 Parameter: ALPHA -> "90.0"
 Parameter: BETA -> "90.0"
 Parameter: GAMMA -> "90.0"
 Crystal Parameters : Crystal Type = CUBI
           A     =  142.00000 B    =  142.00000 C     =  142.00000
           Alpha =   90.00000 Beta =   90.00000 Gamma =   90.00000
  
 CHARMM>    CRYSTAL READ UNIT 10 CARD
 CRYSTAL FILE BEING READ FROM UNIT    10
 TITLE> * GENERATED BY CHARMM-GUI (HTTP://WWW.CHARMM-GUI.ORG) V3.7 ON SEP, 16. 2026. JOBID=8959400435
 TITLE> * STREAM FILE FOR CRYSTAL SYMMETRY OPERATION
 TITLE> *
 TITLE>  * GENERATED BY CHARMM-GUI (HTTP://WWW.CHARMM-GUI.ORG) V3.7 ON SEP, 16. 2026. JOB
 TITLE>  * STREAM FILE FOR CRYSTAL SYMMETRY OPERATION
 TITLE>  *
                     THERE ARE NO ROTATIONS FOR THIS TRANSFORMATION SET
    26 Transformations have been processed.

  
 CHARMM>     
  
 CHARMM>    !Image centering by residue
 CHARMM>    IMAGE BYRESID XCEN @xcen YCEN @ycen ZCEN @zcen sele resname TIP3 end
 Parameter: XCEN -> "0"
 Parameter: YCEN -> "0"
 Parameter: ZCEN -> "0"
 SELRPN> 260655 atoms have been selected out of 270039
 IMAGE CENTERING ON FOR SOME ATOMS
  
 CHARMM>    IMAGE BYRESID XCEN @xcen YCEN @ycen ZCEN @zcen sele segid IONS end
 Parameter: XCEN -> "0"
 Parameter: YCEN -> "0"
 Parameter: ZCEN -> "0"
 SELRPN>    504 atoms have been selected out of 270039
 IMAGE CENTERING ON FOR SOME ATOMS
  
 CHARMM>     
  
 CHARMM>    !
 CHARMM>    ! Nonbonded Options
 CHARMM>    !
 CHARMM>     
  
 CHARMM>    system "python checkfft.py ?XTLA ?XTLB ?XTLC > checkfft.str"
 RDCMND substituted energy or value "?XTLA" to "142"
 RDCMND substituted energy or value "?XTLB" to "142"
 RDCMND substituted energy or value "?XTLC" to "142"
Invoking: python checkfft.py 142 142 142 > checkfft.str
  
 CHARMM>    stream checkfft.str
 VOPEN> Attempting to open::checkfft.str::
 OPNLGU> Unit 99 opened for READONLY access to checkfft.str

                    INPUT STREAM SWITCHING TO UNIT    99
 RDTITL> SET FFTX 150
 RDTITL> No title read.
 Parameter: IN1 <- "" <empty>
  
 CHARMM>    set fftx 150
 Parameter: FFTX <- "150"
  
 CHARMM>    set ffty 150
 Parameter: FFTY <- "150"
  
 CHARMM>    set fftz 150
 Parameter: FFTZ <- "150"
  
 CHARMM>     
  
 VCLOSE: Closing unit   99 with status "KEEP"

                    RETURNING TO INPUT STREAM     5
  
 CHARMM>     
  
 CHARMM>     
  
 CHARMM>    nbonds atom vatom vfswitch bycb -
 CHARMM>           ctonnb 10.0 ctofnb 12.0 cutnb 16.0 cutim 16.0 -
 CHARMM>           inbfrq -1 imgfrq -1 wmin 1.0 cdie eps 1.0 -
 CHARMM>           ewald pmew fftx @fftx ffty @ffty fftz @fftz  kappa .34 spline order 6
 Parameter: FFTX -> "150"
 Parameter: FFTY -> "150"
 Parameter: FFTZ -> "150"

 SELECTED IMAGES ATOMS BEING CENTERED ABOUT  0.000000  0.000000  0.000000

 <MKIMAT2>: updating the image atom lists and remapping
 Transformation   Atoms  Groups  Residues  Min-Distance
    1  N1N1N1R1 has     144      48      48        2.15
    2  N1Z0N1R1 has    2149     717     717        0.00
    3  N1P1N1R1 has     159      53      53        2.14
    4  Z0N1N1R1 has    2380     796     796        0.99
    5  Z0Z0N1R1 has   31254   10456   10456        0.00
    6  Z0P1N1R1 has    2603     871     871        0.00
    7  N1N1Z0R1 has    2673     893     893        0.28
    8  N1Z0Z0R1 has   30988   10364   10359        0.00
    9  N1P1Z0R1 has    2515     839     839        1.11
   10  Z0N1Z0R1 has   31971   10691   10691        0.00
   12  N1N1P1R1 has     171      57      57        1.61
   13  N1Z0P1R1 has    2319     779     779        0.60
   14  N1P1P1R1 has     168      56      56        2.32
 Total of    379533 atoms and    126646 groups and    124551 residues were included

 <PME> Total heap storage needed =    17803611
 Fill Ewald table: Number of points=     10000 EWXmax=    4.250000
 fill erfc table: linear inter has rms error = 0.979220D-08 maximum error = 0.218740D-07
 fill erfc table: cubic spline has rms error = 0.360331D-11 maximum error = 0.108438D-10

 NONBOND OPTION FLAGS: 
     ELEC     VDW      ATOMs    CDIElec  FSHIft   VATOm    VFSWIt  
     BYCB     NOEXtnd  EWALd   
 CUTNB  = 16.000 CTEXNB =999.000 CTONNB = 10.000 CTOFNB = 12.000
 CGONNB =  0.000 CGOFNB = 10.000
 WMIN   =  1.000 WRNMXD =  0.500 E14FAC =  1.000 EPS    =  1.000
 NBXMOD =      5
 PME EWALD OPTIONS: KAPPA  =  0.340  QCOR =  0.000  Bspline order = 6
 FFTX= 150  FFTY= 150  FFTZ= 150
                Using Pub FFT
                Real-to-Complex FFT
 There are        0 atom  pairs and        0 atom  exclusions.
 There are        0 group pairs and        0 group exclusions.
 <MAKINB> with mode   5 found 285959 exclusions and  23402 interactions(1-4)
 <MAKGRP> found   7796 group exclusions.
 <MAKGRP> found      0 image group exclusions.
 Generating nonbond list with Exclusion mode = 5
 == PRIMARY == SPACE FOR        0 ATOM PAIRS AND        0 GROUP PAIRS
 == IMAGES === SPACE FOR        0 ATOM PAIRS AND        0 GROUP PAIRS
  
 =========================================
              TRIAL run of list...........
 =========================================
Using Image CUBE search
Using Image CUBE search
  NBNDGCM found:
   192686019  atom pairs
    25459852  image atom pairs
           0  self atom pairs
  
 CHARMM>    energy

 SELECTED IMAGES ATOMS BEING CENTERED ABOUT  0.000000  0.000000  0.000000

 <MKIMAT2>: updating the image atom lists and remapping
 Transformation   Atoms  Groups  Residues  Min-Distance
    1  N1N1N1R1 has     144      48      48        2.15
    2  N1Z0N1R1 has    2149     717     717        0.00
    3  N1P1N1R1 has     159      53      53        2.14
    4  Z0N1N1R1 has    2380     796     796        0.99
    5  Z0Z0N1R1 has   31254   10456   10456        0.00
    6  Z0P1N1R1 has    2603     871     871        0.00
    7  N1N1Z0R1 has    2673     893     893        0.28
    8  N1Z0Z0R1 has   30988   10364   10359        0.00
    9  N1P1Z0R1 has    2515     839     839        1.11
   10  Z0N1Z0R1 has   31971   10691   10691        0.00
   12  N1N1P1R1 has     171      57      57        1.61
   13  N1Z0P1R1 has    2319     779     779        0.60
   14  N1P1P1R1 has     168      56      56        2.32
 Total of    379533 atoms and    126646 groups and    124551 residues were included

 <MAKGRP> found      0 image group exclusions.

 NONBOND OPTION FLAGS: 
     ELEC     VDW      ATOMs    CDIElec  FSHIft   VATOm    VFSWIt  
     BYCB     NOEXtnd  EWALd   
 CUTNB  = 16.000 CTEXNB =999.000 CTONNB = 10.000 CTOFNB = 12.000
 CGONNB =  0.000 CGOFNB = 10.000
 WMIN   =  1.000 WRNMXD =  0.500 E14FAC =  1.000 EPS    =  1.000
 NBXMOD =      5
 PME EWALD OPTIONS: KAPPA  =  0.340  QCOR =  0.000  Bspline order = 6
 FFTX= 150  FFTY= 150  FFTZ= 150
                Using Pub FFT
                Real-to-Complex FFT
 There are192686019 atom  pairs and   309361 atom  exclusions.
 There are        0 group pairs and     7796 group exclusions.
 Generating nonbond list with Exclusion mode = 5
 == PRIMARY == SPACE FOR250491808 ATOM PAIRS AND        0 GROUP PAIRS
 == IMAGES === SPACE FOR 33097806 ATOM PAIRS AND        0 GROUP PAIRS
Using Image CUBE search
  NBNDGCM found:
   192686019  atom pairs
    25459852  image atom pairs
           0  self atom pairs
ENER ENR:  Eval#     ENERgy      Delta-E         GRMS
ENER INTERN:          BONDs       ANGLes       UREY-b    DIHEdrals    IMPRopers
ENER CROSS:           CMAPs        PMF1D        PMF2D        PRIMO
ENER EXTERN:        VDWaals         ELEC       HBONds          ASP         USER
ENER IMAGES:        IMNBvdw       IMELec       IMHBnd       RXNField    EXTElec
ENER EWALD:          EWKSum       EWSElf       EWEXcl       EWQCor       EWUTil
 ----------       ---------    ---------    ---------    ---------    ---------
ENER>        0 7478020.6406       0.0000   12216.1631
ENER INTERN>      877.25242   1290.55625    156.50545   4919.55013      4.35871
ENER CROSS>      -112.99212      0.00000      0.00000      0.00000
ENER EXTERN>    94734.86860-821828.57514      0.00000      0.00000      0.00000
ENER IMAGES>   8306499.9042   -2309.0992       0.0000       0.0000       0.0000
ENER EWALD>      41794.3322-5860601.7401 5712595.7193       0.0000       0.0000
 ----------       ---------    ---------    ---------    ---------    ---------
  
 CHARMM>     
  
 CHARMM>    !
 CHARMM>    ! cons fix all heavy atoms except generated water molecules and
 CHARMM>    ! short minimization
 CHARMM>    !
 CHARMM>     
  
 CHARMM>    cons fix sele .not. ( hydrogen .or. segid SOLV .or. segid IONS ) end
 SELRPN>   4460 atoms have been selected out of 270039
  
 CHARMM>    cons harm force 0.1 sele segid IONS end
 SELRPN>    504 atoms have been selected out of 270039
 CSTRAN: Harmonic Restraints
          ABSOlute type as set number  1.  Number of selected atoms:    504
          Reference coordinates set to main coordinates.
          Mass weighting will NOT be used for new restraints.
          The force constant of       0.10000 will be used.
          An exponent of  2 will be used.
          The XYZ scale factors are:       1.00000       1.00000       1.00000
          A total of    504 atoms are restrained.
  
 CHARMM>     
  
 CHARMM>    mini SD   nstep 50 nprint 5

 SELECTED IMAGES ATOMS BEING CENTERED ABOUT  0.000000  0.000000  0.000000

 <MKIMAT2>: updating the image atom lists and remapping
 Transformation   Atoms  Groups  Residues  Min-Distance
    1  N1N1N1R1 has     144      48      48        2.15
    2  N1Z0N1R1 has    2149     717     717        0.00
    3  N1P1N1R1 has     159      53      53        2.14
    4  Z0N1N1R1 has    2380     796     796        0.99
    5  Z0Z0N1R1 has   31254   10456   10456        0.00
    6  Z0P1N1R1 has    2603     871     871        0.00
    7  N1N1Z0R1 has    2673     893     893        0.28
    8  N1Z0Z0R1 has   30988   10364   10359        0.00
    9  N1P1Z0R1 has    2515     839     839        1.11
   10  Z0N1Z0R1 has   31971   10691   10691        0.00
   12  N1N1P1R1 has     171      57      57        1.61
   13  N1Z0P1R1 has    2319     779     779        0.60
   14  N1P1P1R1 has     168      56      56        2.32
 Total of    379533 atoms and    126646 groups and    124551 residues were included

 <MAKGRP> found      0 image group exclusions.

 NONBOND OPTION FLAGS: 
     ELEC     VDW      ATOMs    CDIElec  FSHIft   VATOm    VFSWIt  
     BYCB     NOEXtnd  EWALd   
 CUTNB  = 16.000 CTEXNB =999.000 CTONNB = 10.000 CTOFNB = 12.000
 CGONNB =  0.000 CGOFNB = 10.000
 WMIN   =  1.000 WRNMXD =  0.500 E14FAC =  1.000 EPS    =  1.000
 NBXMOD =      5
 PME EWALD OPTIONS: KAPPA  =  0.340  QCOR =  0.000  Bspline order = 6
 FFTX= 150  FFTY= 150  FFTZ= 150
                Using Pub FFT
                Real-to-Complex FFT
 There are192686019 atom  pairs and   309361 atom  exclusions.
 There are        0 group pairs and     7796 group exclusions.
 Generating nonbond list with Exclusion mode = 5
 == PRIMARY == SPACE FOR250491808 ATOM PAIRS AND        0 GROUP PAIRS
 == IMAGES === SPACE FOR 33097806 ATOM PAIRS AND        0 GROUP PAIRS
Using Image CUBE search
  NBNDGCM found:
   191706029  atom pairs
    25459852  image atom pairs
           0  self atom pairs


 STEEPD> An energy minimization has been requested.

 NSTEP  =           50   NPRINT =            5
 STEP   =    0.0200000   TOLFUN =    0.0000000
 TOLGRD =    0.0000000   TOLSTP =    0.0000000

MINI MIN: Cycle      ENERgy      Delta-E         GRMS    Step-size
MINI INTERN:          BONDs       ANGLes       UREY-b    DIHEdrals    IMPRopers
MINI EXTERN:        VDWaals         ELEC       HBONds          ASP         USER
MINI IMAGES:        IMNBvdw       IMELec       IMHBnd       RXNField    EXTElec
MINI EWALD:          EWKSum       EWSElf       EWEXcl       EWQCor       EWUTil
 ----------       ---------    ---------    ---------    ---------    ---------
MINI>        0 7463126.8958   14893.7448   12318.3110       0.0200
MINI INTERN>        0.23704    262.92492     69.37427    615.36905      0.00000
MINI EXTERN>    95144.51452-830944.64035      0.00000      0.00000      0.00000
MINI IMAGES>   8306499.9042   -2309.0992       0.0000       0.0000       0.0000
MINI EWALD>      41794.3322-5860601.7401 5712595.7193       0.0000       0.0000
 ----------       ---------    ---------    ---------    ---------    ---------
 UPDECI: Image update at step         2

 <MKIMAT2>: updating the image atom lists and remapping
 Transformation   Atoms  Groups  Residues  Min-Distance
    1  N1N1N1R1 has     144      48      48        2.15
    2  N1Z0N1R1 has    2149     717     717        0.00
    3  N1P1N1R1 has     159      53      53        2.15
    4  Z0N1N1R1 has    2374     794     794        1.00
    5  Z0Z0N1R1 has   31254   10456   10456        0.00
    6  Z0P1N1R1 has    2603     871     871        0.00
    7  N1N1Z0R1 has    2673     893     893        0.28
    8  N1Z0Z0R1 has   30987   10363   10358        0.00
    9  N1P1Z0R1 has    2515     839     839        1.11
   10  Z0N1Z0R1 has   31971   10691   10691        0.00
   12  N1N1P1R1 has     171      57      57        1.60
   13  N1Z0P1R1 has    2292     770     770        0.60
   14  N1P1P1R1 has     168      56      56        2.32
 Total of    379499 atoms and    126634 groups and    124539 residues were included

 <MAKGRP> found      0 image group exclusions.
 UPDECI: Nonbond update at step         2
 Generating nonbond list with Exclusion mode = 5
 == PRIMARY == SPACE FOR250491808 ATOM PAIRS AND        0 GROUP PAIRS
 == IMAGES === SPACE FOR 33097806 ATOM PAIRS AND        0 GROUP PAIRS
Using Image CUBE search
  NBNDGCM found:
   191720862  atom pairs
    25443104  image atom pairs
           0  self atom pairs
 UPDECI: Image update at step         3

 <MKIMAT2>: updating the image atom lists and remapping
 Transformation   Atoms  Groups  Residues  Min-Distance
    1  N1N1N1R1 has     144      48      48        2.15
    2  N1Z0N1R1 has    2150     718     718        0.00
    3  N1P1N1R1 has     159      53      53        2.15
    4  Z0N1N1R1 has    2374     794     794        1.00
    5  Z0Z0N1R1 has   31254   10456   10456        0.00
    6  Z0P1N1R1 has    2604     872     872        0.00
    7  N1N1Z0R1 has    2673     893     893        0.28
    8  N1Z0Z0R1 has   30988   10364   10359        0.00
    9  N1P1Z0R1 has    2515     839     839        1.11
   10  Z0N1Z0R1 has   31971   10691   10691        0.00
   12  N1N1P1R1 has     171      57      57        1.60
   13  N1Z0P1R1 has    2292     770     770        0.60
   14  N1P1P1R1 has     168      56      56        2.32
 Total of    379502 atoms and    126637 groups and    124542 residues were included

 <MAKGRP> found      0 image group exclusions.
 UPDECI: Nonbond update at step         3
 Generating nonbond list with Exclusion mode = 5
 == PRIMARY == SPACE FOR250491808 ATOM PAIRS AND        0 GROUP PAIRS
 == IMAGES === SPACE FOR 33097806 ATOM PAIRS AND        0 GROUP PAIRS
Using Image CUBE search
  NBNDGCM found:
   191720846  atom pairs
    25443100  image atom pairs
           0  self atom pairs
 UPDECI: Image update at step         4

 <MKIMAT2>: updating the image atom lists and remapping
 Transformation   Atoms  Groups  Residues  Min-Distance
    1  N1N1N1R1 has     144      48      48        2.05
    2  N1Z0N1R1 has    2150     718     718        0.00
    3  N1P1N1R1 has     159      53      53        1.20
    4  Z0N1N1R1 has    2374     794     794        0.00
    5  Z0Z0N1R1 has   31345   10487   10487        0.00
    6  Z0P1N1R1 has    2604     872     872        0.00
    7  N1N1Z0R1 has    2673     893     893        0.28
    8  N1Z0Z0R1 has   30988   10364   10359        0.00
    9  N1P1Z0R1 has    2515     839     839        1.11
   10  Z0N1Z0R1 has   31971   10691   10691        0.00
   12  N1N1P1R1 has     171      57      57        1.60
   13  N1Z0P1R1 has    2292     770     770        0.60
   14  N1P1P1R1 has     168      56      56        2.32
 Total of    379593 atoms and    126668 groups and    124573 residues were included

 <MAKGRP> found      0 image group exclusions.
 UPDECI: Nonbond update at step         4
 Generating nonbond list with Exclusion mode = 5
 == PRIMARY == SPACE FOR250491808 ATOM PAIRS AND        0 GROUP PAIRS
 == IMAGES === SPACE FOR 33097806 ATOM PAIRS AND        0 GROUP PAIRS
Using Image CUBE search
  NBNDGCM found:
   191720875  atom pairs
    25443043  image atom pairs
           0  self atom pairs
 UPDECI: Image update at step         5

 <MKIMAT2>: updating the image atom lists and remapping
 Transformation   Atoms  Groups  Residues  Min-Distance
    1  N1N1N1R1 has     141      47      47        2.04
    2  N1Z0N1R1 has    2150     718     718        0.00
    3  N1P1N1R1 has     159      53      53        1.20
    4  Z0N1N1R1 has    2373     793     793        0.24
    5  Z0Z0N1R1 has   31291   10469   10469        0.00
    6  Z0P1N1R1 has    2604     872     872        0.00
    7  N1N1Z0R1 has    2673     893     893        0.28
    8  N1Z0Z0R1 has   30988   10364   10359        0.00
    9  N1P1Z0R1 has    2515     839     839        1.11
   10  Z0N1Z0R1 has   31968   10690   10690        0.00
   12  N1N1P1R1 has     171      57      57        1.60
   13  N1Z0P1R1 has    2319     779     779        0.30
   14  N1P1P1R1 has     168      56      56        2.26
 Total of    379559 atoms and    126656 groups and    124561 residues were included

 <MAKGRP> found      0 image group exclusions.
 UPDECI: Nonbond update at step         5
 Generating nonbond list with Exclusion mode = 5
 == PRIMARY == SPACE FOR250491808 ATOM PAIRS AND        0 GROUP PAIRS
 == IMAGES === SPACE FOR 33097806 ATOM PAIRS AND        0 GROUP PAIRS
Using Image CUBE search
  NBNDGCM found:
   191719625  atom pairs
    25437227  image atom pairs
           0  self atom pairs
MINI>        5 -266307.0081 7729433.9039   10213.2837       0.0086
MINI INTERN>    30844.41844   5468.94561     76.61539    613.78176      0.00704
MINI EXTERN>   649117.64874-867950.31716      0.00000      0.00000      0.00000
MINI IMAGES>    28420.35073   -481.21792      0.00000      0.00000      0.00000
MINI EWALD>      39981.2627-5860601.7401 5708198.6195       0.0000       0.0000
MINI CONSTR>        4.61716      0.00000      0.00000      0.00000      0.00000
 ----------       ---------    ---------    ---------    ---------    ---------
 UPDECI: Image update at step         6

 <MKIMAT2>: updating the image atom lists and remapping
 Transformation   Atoms  Groups  Residues  Min-Distance
    1  N1N1N1R1 has     141      47      47        2.04
    2  N1Z0N1R1 has    2150     718     718        0.00
    3  N1P1N1R1 has     159      53      53        1.20
    4  Z0N1N1R1 has    2373     793     793        0.24
    5  Z0Z0N1R1 has   31291   10469   10469        0.00
    6  Z0P1N1R1 has    2604     872     872        0.00
    7  N1N1Z0R1 has    2673     893     893        0.28
    8  N1Z0Z0R1 has   30988   10364   10359        0.00
    9  N1P1Z0R1 has    2515     839     839        1.11
   10  Z0N1Z0R1 has   31968   10690   10690        0.00
   12  N1N1P1R1 has     171      57      57        1.60
   13  N1Z0P1R1 has    2319     779     779        0.30
   14  N1P1P1R1 has     168      56      56        2.26
 Total of    379559 atoms and    126656 groups and    124561 residues were included

 <MAKGRP> found      0 image group exclusions.
 UPDECI: Nonbond update at step         6
 Generating nonbond list with Exclusion mode = 5
 == PRIMARY == SPACE FOR250491808 ATOM PAIRS AND        0 GROUP PAIRS
 == IMAGES === SPACE FOR 33097806 ATOM PAIRS AND        0 GROUP PAIRS
Using Image CUBE search
  NBNDGCM found:
   191719648  atom pairs
    25437221  image atom pairs
           0  self atom pairs
 UPDECI: Image update at step         7

 <MKIMAT2>: updating the image atom lists and remapping
 Transformation   Atoms  Groups  Residues  Min-Distance
    1  N1N1N1R1 has     141      47      47        2.04
    2  N1Z0N1R1 has    2150     718     718        0.00
    3  N1P1N1R1 has     159      53      53        1.20
    4  Z0N1N1R1 has    2373     793     793        0.24
    5  Z0Z0N1R1 has   31257   10457   10457        0.00
    6  Z0P1N1R1 has    2604     872     872        0.00
    7  N1N1Z0R1 has    2673     893     893        0.27
    8  N1Z0Z0R1 has   30988   10364   10359        0.00
    9  N1P1Z0R1 has    2515     839     839        1.11
   10  Z0N1Z0R1 has   31803   10635   10635        0.00
   12  N1N1P1R1 has     171      57      57        1.60
   13  N1Z0P1R1 has    2316     778     778        0.60
   14  N1P1P1R1 has     168      56      56        2.31
 Total of    379357 atoms and    126588 groups and    124493 residues were included

 <MAKGRP> found      0 image group exclusions.
 UPDECI: Nonbond update at step         7
 Generating nonbond list with Exclusion mode = 5
 == PRIMARY == SPACE FOR250491808 ATOM PAIRS AND        0 GROUP PAIRS
 == IMAGES === SPACE FOR 33097806 ATOM PAIRS AND        0 GROUP PAIRS
Using Image CUBE search
  NBNDGCM found:
   191720583  atom pairs
    25434882  image atom pairs
           0  self atom pairs
MINI>       10-874599.47607 608292.46794      7.37335      0.00373
MINI INTERN>    30522.01043   9687.02688     80.99804    610.45382      0.09318
MINI EXTERN>    93019.79657-905069.66715      0.00000      0.00000      0.00000
MINI IMAGES>    18433.44708  -2290.93708      0.00000      0.00000      0.00000
MINI EWALD>      36774.9449-5860601.7401 5704229.3223       0.0000       0.0000
MINI CONSTR>        4.77506      0.00000      0.00000      0.00000      0.00000
 ----------       ---------    ---------    ---------    ---------    ---------
 UPDECI: Image update at step        12

 <MKIMAT2>: updating the image atom lists and remapping
 Transformation   Atoms  Groups  Residues  Min-Distance
    1  N1N1N1R1 has     141      47      47        2.02
    2  N1Z0N1R1 has    2126     710     710        0.00
    3  N1P1N1R1 has     159      53      53        1.30
    4  Z0N1N1R1 has    2373     793     793        0.25
    5  Z0Z0N1R1 has   31110   10408   10408        0.00
    6  Z0P1N1R1 has    2583     865     865        0.00
    7  N1N1Z0R1 has    2673     893     893        0.25
    8  N1Z0Z0R1 has   30985   10363   10358        0.00
    9  N1P1Z0R1 has    2515     839     839        1.14
   10  Z0N1Z0R1 has   31803   10635   10635        0.00
   12  N1N1P1R1 has     171      57      57        1.61
   13  N1Z0P1R1 has    2289     769     769        0.58
   14  N1P1P1R1 has     168      56      56        2.29
 Total of    379135 atoms and    126514 groups and    124419 residues were included

 <MAKGRP> found      0 image group exclusions.
 UPDECI: Nonbond update at step        12
 Generating nonbond list with Exclusion mode = 5
 == PRIMARY == SPACE FOR250491808 ATOM PAIRS AND        0 GROUP PAIRS
 == IMAGES === SPACE FOR 33097806 ATOM PAIRS AND        0 GROUP PAIRS
Using Image CUBE search
  NBNDGCM found:
   191747476  atom pairs
    25413545  image atom pairs
           0  self atom pairs
 UPDECI: Image update at step        15

 <MKIMAT2>: updating the image atom lists and remapping
 Transformation   Atoms  Groups  Residues  Min-Distance
    1  N1N1N1R1 has     138      46      46        2.03
    2  N1Z0N1R1 has    2126     710     710        0.00
    3  N1P1N1R1 has     159      53      53        1.35
    4  Z0N1N1R1 has    2352     786     786        0.28
    5  Z0Z0N1R1 has   30927   10347   10347        0.00
    6  Z0P1N1R1 has    2569     861     861        0.00
    7  N1N1Z0R1 has    2673     893     893        0.24
    8  N1Z0Z0R1 has   30985   10363   10358        0.00
    9  N1P1Z0R1 has    2491     831     831        1.18
   10  Z0N1Z0R1 has   31785   10629   10629        0.00
   12  N1N1P1R1 has     171      57      57        1.64
   13  N1Z0P1R1 has    2265     761     761        0.56
   14  N1P1P1R1 has     171      57      57        2.27
 Total of    378851 atoms and    126420 groups and    124325 residues were included

 <MAKGRP> found      0 image group exclusions.
 UPDECI: Nonbond update at step        15
 Generating nonbond list with Exclusion mode = 5
 == PRIMARY == SPACE FOR250491808 ATOM PAIRS AND        0 GROUP PAIRS
 == IMAGES === SPACE FOR 33097806 ATOM PAIRS AND        0 GROUP PAIRS
Using Image CUBE search
  NBNDGCM found:
   191775375  atom pairs
    25387493  image atom pairs
           0  self atom pairs
MINI>       15-878526.96822   3927.49215    582.57599      0.00929
MINI INTERN>    48876.22058  18133.75953     88.46783    602.78527      2.14523
MINI EXTERN>   126588.52945-942500.91817      0.00000      0.00000      0.00000
MINI IMAGES>     7143.13264  -6160.00728      0.00000      0.00000      0.00000
MINI EWALD>      27094.8252-5860601.7401 5702200.0761       0.0000       0.0000
MINI CONSTR>        5.75550      0.00000      0.00000      0.00000      0.00000
 ----------       ---------    ---------    ---------    ---------    ---------
 UPDECI: Image update at step        16

 <MKIMAT2>: updating the image atom lists and remapping
 Transformation   Atoms  Groups  Residues  Min-Distance
    1  N1N1N1R1 has     138      46      46        2.03
    2  N1Z0N1R1 has    2126     710     710        0.00
    3  N1P1N1R1 has     159      53      53        1.22
    4  Z0N1N1R1 has    2352     786     786        0.28
    5  Z0Z0N1R1 has   30978   10364   10364        0.00
    6  Z0P1N1R1 has    2569     861     861        0.00
    7  N1N1Z0R1 has    2673     893     893        0.24
    8  N1Z0Z0R1 has   30985   10363   10358        0.00
    9  N1P1Z0R1 has    2491     831     831        1.18
   10  Z0N1Z0R1 has   31785   10629   10629        0.00
   12  N1N1P1R1 has     171      57      57        1.64
   13  N1Z0P1R1 has    2265     761     761        0.56
   14  N1P1P1R1 has     171      57      57        2.27
 Total of    378902 atoms and    126437 groups and    124342 residues were included

 <MAKGRP> found      0 image group exclusions.
 UPDECI: Nonbond update at step        16
 Generating nonbond list with Exclusion mode = 5
 == PRIMARY == SPACE FOR250491808 ATOM PAIRS AND        0 GROUP PAIRS
 == IMAGES === SPACE FOR 33097806 ATOM PAIRS AND        0 GROUP PAIRS
Using Image CUBE search
  NBNDGCM found:
   191775386  atom pairs
    25387486  image atom pairs
           0  self atom pairs
 UPDECI: Image update at step        19

 <MKIMAT2>: updating the image atom lists and remapping
 Transformation   Atoms  Groups  Residues  Min-Distance
    1  N1N1N1R1 has     138      46      46        2.03
    2  N1Z0N1R1 has    2126     710     710        0.00
    3  N1P1N1R1 has     159      53      53        1.35
    4  Z0N1N1R1 has    2352     786     786        0.28
    5  Z0Z0N1R1 has   30933   10349   10349        0.00
    6  Z0P1N1R1 has    2569     861     861        0.00
    7  N1N1Z0R1 has    2673     893     893        0.25
    8  N1Z0Z0R1 has   30985   10363   10358        0.00
    9  N1P1Z0R1 has    2491     831     831        1.18
   10  Z0N1Z0R1 has   31785   10629   10629        0.00
   12  N1N1P1R1 has     171      57      57        1.64
   13  N1Z0P1R1 has    2265     761     761        0.56
   14  N1P1P1R1 has     171      57      57        2.27
 Total of    378857 atoms and    126422 groups and    124327 residues were included

 <MAKGRP> found      0 image group exclusions.
 UPDECI: Nonbond update at step        19
 Generating nonbond list with Exclusion mode = 5
 == PRIMARY == SPACE FOR250491808 ATOM PAIRS AND        0 GROUP PAIRS
 == IMAGES === SPACE FOR 33097806 ATOM PAIRS AND        0 GROUP PAIRS
Using Image CUBE search
  NBNDGCM found:
   191776259  atom pairs
    25386777  image atom pairs
           0  self atom pairs
 UPDECI: Image update at step        20

 <MKIMAT2>: updating the image atom lists and remapping
 Transformation   Atoms  Groups  Residues  Min-Distance
    1  N1N1N1R1 has     138      46      46        2.03
    2  N1Z0N1R1 has    2126     710     710        0.00
    3  N1P1N1R1 has     159      53      53        1.35
    4  Z0N1N1R1 has    2352     786     786        0.28
    5  Z0Z0N1R1 has   30927   10347   10347        0.00
    6  Z0P1N1R1 has    2563     859     859        0.00
    7  N1N1Z0R1 has    2673     893     893        0.25
    8  N1Z0Z0R1 has   30985   10363   10358        0.00
    9  N1P1Z0R1 has    2491     831     831        1.18
   10  Z0N1Z0R1 has   31785   10629   10629        0.00
   12  N1N1P1R1 has     171      57      57        1.65
   13  N1Z0P1R1 has    2265     761     761        0.56
   14  N1P1P1R1 has     171      57      57        2.27
 Total of    378845 atoms and    126418 groups and    124323 residues were included

 <MAKGRP> found      0 image group exclusions.
 UPDECI: Nonbond update at step        20
 Generating nonbond list with Exclusion mode = 5
 == PRIMARY == SPACE FOR250491808 ATOM PAIRS AND        0 GROUP PAIRS
 == IMAGES === SPACE FOR 33097806 ATOM PAIRS AND        0 GROUP PAIRS
Using Image CUBE search
  NBNDGCM found:
   191777626  atom pairs
    25385197  image atom pairs
           0  self atom pairs
MINI>       20-938128.70069  59601.73247     70.34563      0.00401
MINI INTERN>    28673.25773  17377.74261     89.26589    602.59900      2.43783
MINI EXTERN>    88146.95476-944805.11776      0.00000      0.00000      0.00000
MINI IMAGES>     9907.12825  -6214.25769      0.00000      0.00000      0.00000
MINI EWALD>      26471.1873-5860601.7401 5702215.9641       0.0000       0.0000
MINI CONSTR>        5.87728      0.00000      0.00000      0.00000      0.00000
 ----------       ---------    ---------    ---------    ---------    ---------
 UPDECI: Image update at step        21

 <MKIMAT2>: updating the image atom lists and remapping
 Transformation   Atoms  Groups  Residues  Min-Distance
    1  N1N1N1R1 has     138      46      46        2.03
    2  N1Z0N1R1 has    2126     710     710        0.00
    3  N1P1N1R1 has     159      53      53        1.35
    4  Z0N1N1R1 has    2352     786     786        0.28
    5  Z0Z0N1R1 has   30927   10347   10347        0.00
    6  Z0P1N1R1 has    2563     859     859        0.00
    7  N1N1Z0R1 has    2673     893     893        0.25
    8  N1Z0Z0R1 has   30985   10363   10358        0.00
    9  N1P1Z0R1 has    2491     831     831        1.18
   10  Z0N1Z0R1 has   31785   10629   10629        0.00
   12  N1N1P1R1 has     171      57      57        1.65
   13  N1Z0P1R1 has    2265     761     761        0.56
   14  N1P1P1R1 has     171      57      57        2.27
 Total of    378845 atoms and    126418 groups and    124323 residues were included

 <MAKGRP> found      0 image group exclusions.
 UPDECI: Nonbond update at step        21
 Generating nonbond list with Exclusion mode = 5
 == PRIMARY == SPACE FOR250491808 ATOM PAIRS AND        0 GROUP PAIRS
 == IMAGES === SPACE FOR 33097806 ATOM PAIRS AND        0 GROUP PAIRS
Using Image CUBE search
  NBNDGCM found:
   191778087  atom pairs
    25384760  image atom pairs
           0  self atom pairs
 UPDECI: Image update at step        23

 <MKIMAT2>: updating the image atom lists and remapping
 Transformation   Atoms  Groups  Residues  Min-Distance
    1  N1N1N1R1 has     138      46      46        2.03
    2  N1Z0N1R1 has    2126     710     710        0.00
    3  N1P1N1R1 has     159      53      53        1.35
    4  Z0N1N1R1 has    2352     786     786        0.28
    5  Z0Z0N1R1 has   30927   10347   10347        0.00
    6  Z0P1N1R1 has    2563     859     859        0.00
    7  N1N1Z0R1 has    2673     893     893        0.25
    8  N1Z0Z0R1 has   30985   10363   10358        0.00
    9  N1P1Z0R1 has    2491     831     831        1.18
   10  Z0N1Z0R1 has   31785   10629   10629        0.00
   12  N1N1P1R1 has     171      57      57        1.65
   13  N1Z0P1R1 has    2265     761     761        0.56
   14  N1P1P1R1 has     171      57      57        2.27
 Total of    378845 atoms and    126418 groups and    124323 residues were included

 <MAKGRP> found      0 image group exclusions.
 UPDECI: Nonbond update at step        23
 Generating nonbond list with Exclusion mode = 5
 == PRIMARY == SPACE FOR250491808 ATOM PAIRS AND        0 GROUP PAIRS
 == IMAGES === SPACE FOR 33097806 ATOM PAIRS AND        0 GROUP PAIRS
Using Image CUBE search
  NBNDGCM found:
   191778101  atom pairs
    25384762  image atom pairs
           0  self atom pairs
 UPDECI: Image update at step        25

 <MKIMAT2>: updating the image atom lists and remapping
 Transformation   Atoms  Groups  Residues  Min-Distance
    1  N1N1N1R1 has     138      46      46        2.04
    2  N1Z0N1R1 has    2126     710     710        0.00
    3  N1P1N1R1 has     159      53      53        1.34
    4  Z0N1N1R1 has    2349     785     785        0.30
    5  Z0Z0N1R1 has   30927   10347   10347        0.00
    6  Z0P1N1R1 has    2563     859     859        0.00
    7  N1N1Z0R1 has    2673     893     893        0.26
    8  N1Z0Z0R1 has   30988   10364   10359        0.00
    9  N1P1Z0R1 has    2491     831     831        1.20
   10  Z0N1Z0R1 has   31785   10629   10629        0.00
   12  N1N1P1R1 has     171      57      57        1.67
   13  N1Z0P1R1 has    2265     761     761        0.55
   14  N1P1P1R1 has     171      57      57        2.27
 Total of    378845 atoms and    126418 groups and    124323 residues were included

 <MAKGRP> found      0 image group exclusions.
 UPDECI: Nonbond update at step        25
 Generating nonbond list with Exclusion mode = 5
 == PRIMARY == SPACE FOR250491808 ATOM PAIRS AND        0 GROUP PAIRS
 == IMAGES === SPACE FOR 33097806 ATOM PAIRS AND        0 GROUP PAIRS
Using Image CUBE search
  NBNDGCM found:
   191782980  atom pairs
    25376272  image atom pairs
           0  self atom pairs
MINI>       25-952190.89185  14062.19117      4.30370      0.00416
MINI INTERN>    30435.98118  17686.09704     92.06296    602.43226      3.57450
MINI EXTERN>    87903.93002-952264.29932      0.00000      0.00000      0.00000
MINI IMAGES>     4069.57822  -6896.32043      0.00000      0.00000      0.00000
MINI EWALD>      24712.0747-5860601.7401 5702059.3903       0.0000       0.0000
MINI CONSTR>        6.34679      0.00000      0.00000      0.00000      0.00000
 ----------       ---------    ---------    ---------    ---------    ---------
 UPDECI: Image update at step        27

 <MKIMAT2>: updating the image atom lists and remapping
 Transformation   Atoms  Groups  Residues  Min-Distance
    1  N1N1N1R1 has     138      46      46        2.04
    2  N1Z0N1R1 has    2126     710     710        0.00
    3  N1P1N1R1 has     159      53      53        1.34
    4  Z0N1N1R1 has    2343     783     783        0.30
    5  Z0Z0N1R1 has   30927   10347   10347        0.00
    6  Z0P1N1R1 has    2563     859     859        0.00
    7  N1N1Z0R1 has    2673     893     893        0.26
    8  N1Z0Z0R1 has   30985   10363   10358        0.00
    9  N1P1Z0R1 has    2491     831     831        1.21
   10  Z0N1Z0R1 has   31785   10629   10629        0.00
   12  N1N1P1R1 has     171      57      57        1.67
   13  N1Z0P1R1 has    2265     761     761        0.55
   14  N1P1P1R1 has     171      57      57        2.26
 Total of    378836 atoms and    126415 groups and    124320 residues were included

 <MAKGRP> found      0 image group exclusions.
 UPDECI: Nonbond update at step        27
 Generating nonbond list with Exclusion mode = 5
 == PRIMARY == SPACE FOR250491808 ATOM PAIRS AND        0 GROUP PAIRS
 == IMAGES === SPACE FOR 33097806 ATOM PAIRS AND        0 GROUP PAIRS
Using Image CUBE search
  NBNDGCM found:
   191785005  atom pairs
    25370107  image atom pairs
           0  self atom pairs
 UPDECI: Image update at step        29

 <MKIMAT2>: updating the image atom lists and remapping
 Transformation   Atoms  Groups  Residues  Min-Distance
    1  N1N1N1R1 has     138      46      46        2.05
    2  N1Z0N1R1 has    2126     710     710        0.00
    3  N1P1N1R1 has     159      53      53        1.33
    4  Z0N1N1R1 has    2337     781     781        0.31
    5  Z0Z0N1R1 has   30927   10347   10347        0.00
    6  Z0P1N1R1 has    2563     859     859        0.00
    7  N1N1Z0R1 has    2673     893     893        0.27
    8  N1Z0Z0R1 has   30982   10362   10357        0.00
    9  N1P1Z0R1 has    2491     831     831        1.22
   10  Z0N1Z0R1 has   31785   10629   10629        0.00
   12  N1N1P1R1 has     171      57      57        1.69
   13  N1Z0P1R1 has    2265     761     761        0.54
   14  N1P1P1R1 has     171      57      57        2.26
 Total of    378827 atoms and    126412 groups and    124317 residues were included

 <MAKGRP> found      0 image group exclusions.
 UPDECI: Nonbond update at step        29
 Generating nonbond list with Exclusion mode = 5
 == PRIMARY == SPACE FOR250491808 ATOM PAIRS AND        0 GROUP PAIRS
 == IMAGES === SPACE FOR 33097806 ATOM PAIRS AND        0 GROUP PAIRS
Using Image CUBE search
  NBNDGCM found:
   191788292  atom pairs
    25362602  image atom pairs
           0  self atom pairs
MINI>       30-972099.98857  19909.09672      3.49483      0.00431
MINI INTERN>    30619.81055  17987.86144     97.24597    604.15216      6.67222
MINI EXTERN>    87659.65392-966461.97881      0.00000      0.00000      0.00000
MINI IMAGES>     2695.91357  -8269.86648      0.00000      0.00000      0.00000
MINI EWALD>      21673.6555-5860601.7401 5701880.9559       0.0000       0.0000
MINI CONSTR>        7.67546      0.00000      0.00000      0.00000      0.00000
 ----------       ---------    ---------    ---------    ---------    ---------
 UPDECI: Image update at step        33

 <MKIMAT2>: updating the image atom lists and remapping
 Transformation   Atoms  Groups  Residues  Min-Distance
    1  N1N1N1R1 has     138      46      46        2.07
    2  N1Z0N1R1 has    2126     710     710        0.00
    3  N1P1N1R1 has     156      52      52        1.34
    4  Z0N1N1R1 has    2335     781     781        0.32
    5  Z0Z0N1R1 has   30927   10347   10347        0.00
    6  Z0P1N1R1 has    2563     859     859        0.00
    7  N1N1Z0R1 has    2673     893     893        0.30
    8  N1Z0Z0R1 has   30796   10300   10295        0.00
    9  N1P1Z0R1 has    2491     831     831        1.23
   10  Z0N1Z0R1 has   31782   10628   10628        0.00
   12  N1N1P1R1 has     171      57      57        1.72
   13  N1Z0P1R1 has    2268     762     762        0.53
   14  N1P1P1R1 has     171      57      57        2.25
 Total of    378636 atoms and    126349 groups and    124254 residues were included

 <MAKGRP> found      0 image group exclusions.
 UPDECI: Nonbond update at step        33
 Generating nonbond list with Exclusion mode = 5
 == PRIMARY == SPACE FOR250491808 ATOM PAIRS AND        0 GROUP PAIRS
 == IMAGES === SPACE FOR 33097806 ATOM PAIRS AND        0 GROUP PAIRS
Using Image CUBE search
  NBNDGCM found:
   191797243  atom pairs
    25341455  image atom pairs
           0  self atom pairs
 UPDECI: Image update at step        34

 <MKIMAT2>: updating the image atom lists and remapping
 Transformation   Atoms  Groups  Residues  Min-Distance
    1  N1N1N1R1 has     138      46      46        2.07
    2  N1Z0N1R1 has    2126     710     710        0.00
    3  N1P1N1R1 has     156      52      52        1.34
    4  Z0N1N1R1 has    2335     781     781        0.32
    5  Z0Z0N1R1 has   30927   10347   10347        0.00
    6  Z0P1N1R1 has    2563     859     859        0.00
    7  N1N1Z0R1 has    2673     893     893        0.30
    8  N1Z0Z0R1 has   30796   10300   10295        0.00
    9  N1P1Z0R1 has    2491     831     831        1.23
   10  Z0N1Z0R1 has   31782   10628   10628        0.00
   12  N1N1P1R1 has     171      57      57        1.72
   13  N1Z0P1R1 has    2268     762     762        0.53
   14  N1P1P1R1 has     171      57      57        2.25
 Total of    378636 atoms and    126349 groups and    124254 residues were included

 <MAKGRP> found      0 image group exclusions.
 UPDECI: Nonbond update at step        34
 Generating nonbond list with Exclusion mode = 5
 == PRIMARY == SPACE FOR250491808 ATOM PAIRS AND        0 GROUP PAIRS
 == IMAGES === SPACE FOR 33097806 ATOM PAIRS AND        0 GROUP PAIRS
Using Image CUBE search
  NBNDGCM found:
   191797290  atom pairs
    25341459  image atom pairs
           0  self atom pairs
MINI>       35-975212.47360   3112.48503     15.49411      0.00186
MINI INTERN>    38309.87441  18746.80422    100.11619    606.94927      9.43835
MINI EXTERN>    89552.05606-976414.12781      0.00000      0.00000      0.00000
MINI IMAGES>     2104.09441  -9293.62645      0.00000      0.00000      0.00000
MINI EWALD>      19972.6623-5860601.7401 5701686.0330       0.0000       0.0000
MINI CONSTR>        8.99246      0.00000      0.00000      0.00000      0.00000
 ----------       ---------    ---------    ---------    ---------    ---------
 UPDECI: Image update at step        37

 <MKIMAT2>: updating the image atom lists and remapping
 Transformation   Atoms  Groups  Residues  Min-Distance
    1  N1N1N1R1 has     138      46      46        2.07
    2  N1Z0N1R1 has    2126     710     710        0.00
    3  N1P1N1R1 has     156      52      52        1.34
    4  Z0N1N1R1 has    2335     781     781        0.32
    5  Z0Z0N1R1 has   30930   10348   10348        0.00
    6  Z0P1N1R1 has    2563     859     859        0.00
    7  N1N1Z0R1 has    2673     893     893        0.31
    8  N1Z0Z0R1 has   30793   10299   10294        0.00
    9  N1P1Z0R1 has    2491     831     831        1.23
   10  Z0N1Z0R1 has   31782   10628   10628        0.00
   12  N1N1P1R1 has     171      57      57        1.72
   13  N1Z0P1R1 has    2268     762     762        0.53
   14  N1P1P1R1 has     171      57      57        2.25
 Total of    378636 atoms and    126349 groups and    124254 residues were included

 <MAKGRP> found      0 image group exclusions.
 UPDECI: Nonbond update at step        37
 Generating nonbond list with Exclusion mode = 5
 == PRIMARY == SPACE FOR250491808 ATOM PAIRS AND        0 GROUP PAIRS
 == IMAGES === SPACE FOR 33097806 ATOM PAIRS AND        0 GROUP PAIRS
Using Image CUBE search
  NBNDGCM found:
   191797544  atom pairs
    25340040  image atom pairs
           0  self atom pairs
 UPDECI: Image update at step        40

 <MKIMAT2>: updating the image atom lists and remapping
 Transformation   Atoms  Groups  Residues  Min-Distance
    1  N1N1N1R1 has     138      46      46        2.08
    2  N1Z0N1R1 has    2126     710     710        0.00
    3  N1P1N1R1 has     156      52      52        1.33
    4  Z0N1N1R1 has    2335     781     781        0.33
    5  Z0Z0N1R1 has   30930   10348   10348        0.00
    6  Z0P1N1R1 has    2554     856     856        0.00
    7  N1N1Z0R1 has    2670     892     892        0.32
    8  N1Z0Z0R1 has   30778   10294   10289        0.00
    9  N1P1Z0R1 has    2485     829     829        1.24
   10  Z0N1Z0R1 has   31773   10625   10625        0.00
   12  N1N1P1R1 has     171      57      57        1.73
   13  N1Z0P1R1 has    2265     761     761        0.52
   14  N1P1P1R1 has     171      57      57        2.25
 Total of    378591 atoms and    126334 groups and    124239 residues were included

 <MAKGRP> found      0 image group exclusions.
 UPDECI: Nonbond update at step        40
 Generating nonbond list with Exclusion mode = 5
 == PRIMARY == SPACE FOR250491808 ATOM PAIRS AND        0 GROUP PAIRS
 == IMAGES === SPACE FOR 33097806 ATOM PAIRS AND        0 GROUP PAIRS
Using Image CUBE search
  NBNDGCM found:
   191801995  atom pairs
    25330546  image atom pairs
           0  self atom pairs
MINI>       40-991704.47877  16492.00517      5.25682      0.00464
MINI INTERN>    32301.51514  18524.68051    101.77068    609.71338     11.70648
MINI EXTERN>    88308.38537-983247.12880      0.00000      0.00000      0.00000
MINI IMAGES>     1663.46243  -9917.26531      0.00000      0.00000      0.00000
MINI EWALD>      18858.0674-5860601.7401 5701672.1298       0.0000       0.0000
MINI CONSTR>       10.22422      0.00000      0.00000      0.00000      0.00000
 ----------       ---------    ---------    ---------    ---------    ---------
 UPDECI: Image update at step        41

 <MKIMAT2>: updating the image atom lists and remapping
 Transformation   Atoms  Groups  Residues  Min-Distance
    1  N1N1N1R1 has     138      46      46        2.08
    2  N1Z0N1R1 has    2123     709     709        0.00
    3  N1P1N1R1 has     156      52      52        1.34
    4  Z0N1N1R1 has    2335     781     781        0.33
    5  Z0Z0N1R1 has   30930   10348   10348        0.00
    6  Z0P1N1R1 has    2554     856     856        0.00
    7  N1N1Z0R1 has    2670     892     892        0.32
    8  N1Z0Z0R1 has   30769   10291   10286        0.00
    9  N1P1Z0R1 has    2482     828     828        1.24
   10  Z0N1Z0R1 has   31761   10621   10621        0.00
   12  N1N1P1R1 has     171      57      57        1.74
   13  N1Z0P1R1 has    2265     761     761        0.51
   14  N1P1P1R1 has     171      57      57        2.25
 Total of    378564 atoms and    126325 groups and    124230 residues were included

 <MAKGRP> found      0 image group exclusions.
 UPDECI: Nonbond update at step        41
 Generating nonbond list with Exclusion mode = 5
 == PRIMARY == SPACE FOR250491808 ATOM PAIRS AND        0 GROUP PAIRS
 == IMAGES === SPACE FOR 33097806 ATOM PAIRS AND        0 GROUP PAIRS
Using Image CUBE search
  NBNDGCM found:
   191803669  atom pairs
    25328152  image atom pairs
           0  self atom pairs
MINI>       45  520474.8757-1512179.3545   57188.8378       0.0048
MINI INTERN>    34104.29571  18725.99528    103.53139    614.02953     14.81439
MINI EXTERN>   1610303.3254 -992345.9930       0.0000       0.0000       0.0000
MINI IMAGES>     1182.92768 -10781.62896      0.00000      0.00000      0.00000
MINI EWALD>      17573.7292-5860601.7401 5701569.3978       0.0000       0.0000
MINI CONSTR>       12.19130      0.00000      0.00000      0.00000      0.00000
 ----------       ---------    ---------    ---------    ---------    ---------
 UPDECI: Image update at step        49

 <MKIMAT2>: updating the image atom lists and remapping
 Transformation   Atoms  Groups  Residues  Min-Distance
    1  N1N1N1R1 has     138      46      46        2.08
    2  N1Z0N1R1 has    2120     708     708        0.00
    3  N1P1N1R1 has     156      52      52        1.33
    4  Z0N1N1R1 has    2332     780     780        0.32
    5  Z0Z0N1R1 has   30930   10348   10348        0.00
    6  Z0P1N1R1 has    2545     853     853        0.00
    7  N1N1Z0R1 has    2670     892     892        0.33
    8  N1Z0Z0R1 has   30637   10247   10242        0.00
    9  N1P1Z0R1 has    2488     830     830        1.21
   10  Z0N1Z0R1 has   31713   10605   10605        0.00
   12  N1N1P1R1 has     171      57      57        1.74
   13  N1Z0P1R1 has    2265     761     761        0.48
   14  N1P1P1R1 has     171      57      57        2.24
 Total of    378375 atoms and    126262 groups and    124167 residues were included

 <MAKGRP> found      0 image group exclusions.
 UPDECI: Nonbond update at step        49
 Generating nonbond list with Exclusion mode = 5
 == PRIMARY == SPACE FOR250491808 ATOM PAIRS AND        0 GROUP PAIRS
 == IMAGES === SPACE FOR 33097806 ATOM PAIRS AND        0 GROUP PAIRS
Using Image CUBE search
  NBNDGCM found:
   191820310  atom pairs
    25310314  image atom pairs
           0  self atom pairs
MINI>       50-1007964.9469 1528439.8226       4.0415       0.0021
MINI INTERN>    32634.17172  18864.60539    104.29514    616.53599     16.46853
MINI EXTERN>    89087.62989-996947.49550      0.00000      0.00000      0.00000
MINI IMAGES>     1074.55031 -11307.10925      0.00000      0.00000      0.00000
MINI EWALD>      16950.1947-5860601.7401 5701529.5237       0.0000       0.0000
MINI CONSTR>       13.42260      0.00000      0.00000      0.00000      0.00000
 ----------       ---------    ---------    ---------    ---------    ---------

 STEEPD> Minimization exiting with number of steps limit (        50) exceeded.

STPD MIN: Cycle      ENERgy      Delta-E         GRMS    Step-size
STPD INTERN:          BONDs       ANGLes       UREY-b    DIHEdrals    IMPRopers
STPD EXTERN:        VDWaals         ELEC       HBONds          ASP         USER
STPD IMAGES:        IMNBvdw       IMELec       IMHBnd       RXNField    EXTElec
STPD EWALD:          EWKSum       EWSElf       EWEXcl       EWQCor       EWUTil
STPD CONSTR:       HARMonic    CDIHedral          CIC     RESDistance       NOE
 ----------       ---------    ---------    ---------    ---------    ---------
STPD>       50-1007964.9469 1528439.8226       4.0415       0.0025
STPD INTERN>    32634.17172  18864.60539    104.29514    616.53599     16.46853
STPD EXTERN>    89087.62989-996947.49550      0.00000      0.00000      0.00000
STPD IMAGES>     1074.55031 -11307.10925      0.00000      0.00000      0.00000
STPD EWALD>      16950.1947-5860601.7401 5701529.5237       0.0000       0.0000
STPD CONSTR>       13.42260      0.00000      0.00000      0.00000      0.00000
 ----------       ---------    ---------    ---------    ---------    ---------
  
 CHARMM>    mini ABNR nstep 50 nprint 5

 SELECTED IMAGES ATOMS BEING CENTERED ABOUT  0.000000  0.000000  0.000000
 RESIDUE 1919 OPERATED ON BY TRANSFORMATION Z0Z0P1R1
 RESIDUE87643 OPERATED ON BY TRANSFORMATION N1Z0Z0R1

 <MKIMAT2>: updating the image atom lists and remapping
 Transformation   Atoms  Groups  Residues  Min-Distance
    1  N1N1N1R1 has     138      46      46        2.34
    2  N1Z0N1R1 has    2120     708     708        0.00
    3  N1P1N1R1 has     156      52      52        2.31
    4  Z0N1N1R1 has    2332     780     780        1.04
    5  Z0Z0N1R1 has   30909   10341   10341        0.00
    6  Z0P1N1R1 has    2548     854     854        0.00
    7  N1N1Z0R1 has    2670     892     892        0.33
    8  N1Z0Z0R1 has   30636   10246   10241        0.00
    9  N1P1Z0R1 has    2488     830     830        1.21
   10  Z0N1Z0R1 has   31713   10605   10605        0.00
   12  N1N1P1R1 has     171      57      57        1.74
   13  N1Z0P1R1 has    2265     761     761        0.48
   14  N1P1P1R1 has     171      57      57        2.24
 Total of    378356 atoms and    126255 groups and    124160 residues were included

 <MAKGRP> found      0 image group exclusions.

 NONBOND OPTION FLAGS: 
     ELEC     VDW      ATOMs    CDIElec  FSHIft   VATOm    VFSWIt  
     BYCB     NOEXtnd  EWALd   
 CUTNB  = 16.000 CTEXNB =999.000 CTONNB = 10.000 CTOFNB = 12.000
 CGONNB =  0.000 CGOFNB = 10.000
 WMIN   =  1.000 WRNMXD =  0.500 E14FAC =  1.000 EPS    =  1.000
 NBXMOD =      5
 PME EWALD OPTIONS: KAPPA  =  0.340  QCOR =  0.000  Bspline order = 6
 FFTX= 150  FFTY= 150  FFTZ= 150
                Using Pub FFT
                Real-to-Complex FFT
 There are191820310 atom  pairs and   309361 atom  exclusions.
 There are        0 group pairs and     7796 group exclusions.
 Generating nonbond list with Exclusion mode = 5
 == PRIMARY == SPACE FOR250491808 ATOM PAIRS AND        0 GROUP PAIRS
 == IMAGES === SPACE FOR 33097806 ATOM PAIRS AND        0 GROUP PAIRS
Using Image CUBE search
  NBNDGCM found:
   191821052  atom pairs
    25309558  image atom pairs
           0  self atom pairs


 ABNER> An energy minimization has been requested.

 EIGRNG =    0.0005000   MINDIM =            5
 NPRINT =            5   NSTEP  =           50
 PSTRCT =    0.0000000   SDSTP  =    0.0200000
 STPLIM =    1.0000000   STRICT =    0.1000000
 TOLFUN =    0.0000000   TOLGRD =    0.0000000
 TOLITR =          100   TOLSTP =    0.0000000
 FMEM   =    0.0000000
MINI MIN: Cycle      ENERgy      Delta-E         GRMS    Step-size
MINI INTERN:          BONDs       ANGLes       UREY-b    DIHEdrals    IMPRopers
MINI EXTERN:        VDWaals         ELEC       HBONds          ASP         USER
MINI IMAGES:        IMNBvdw       IMELec       IMHBnd       RXNField    EXTElec
MINI EWALD:          EWKSum       EWSElf       EWEXcl       EWQCor       EWUTil
MINI CONSTR:       HARMonic    CDIHedral          CIC     RESDistance       NOE
 ----------       ---------    ---------    ---------    ---------    ---------
MINI>        0-1005956.6239   -2008.3230       4.0417       0.0000
MINI INTERN>    32634.17172  18864.60539    104.29514    616.53599     16.46853
MINI EXTERN>    89093.89336-996960.49676      0.00000      0.00000      0.00000
MINI IMAGES>     1068.28683 -11294.10800      0.00000      0.00000      0.00000
MINI EWALD>      16950.1947-5860601.7401 5701529.5237       0.0000       0.0000
MINI CONSTR>     2021.74558      0.00000      0.00000      0.00000      0.00000
 ----------       ---------    ---------    ---------    ---------    ---------
MINI>        5-1009522.7967    3566.1728       1.5813       0.0810
MINI INTERN>    30545.77617  18649.42121    104.42272    617.01128     16.77313
MINI EXTERN>    89042.42876-997906.96947      0.00000      0.00000      0.00000
MINI IMAGES>      973.54629 -11346.40405      0.00000      0.00000      0.00000
MINI EWALD>      16826.6838-5860601.7401 5701534.9387       0.0000       0.0000
MINI CONSTR>     2021.31478      0.00000      0.00000      0.00000      0.00000
 ----------       ---------    ---------    ---------    ---------    ---------
MINI>       10-1014225.6205    4702.8238       2.4188       0.6151
MINI INTERN>    31479.81806  18744.56657    105.15017    619.82016     18.48848
MINI EXTERN>     89540.1744-1002857.7030       0.0000       0.0000       0.0000
MINI IMAGES>      809.14407 -11813.83745      0.00000      0.00000      0.00000
MINI EWALD>      16243.4269-5860601.7401 5701468.0620       0.0000       0.0000
MINI CONSTR>     2019.00913      0.00000      0.00000      0.00000      0.00000
 ----------       ---------    ---------    ---------    ---------    ---------
MINI>       15-1019599.7988    5374.1783       2.1637       2.8025
MINI INTERN>    31660.82763  18831.29785    105.94745    623.03431     20.31347
MINI EXTERN>     90110.0485-1007809.9374       0.0000       0.0000       0.0000
MINI IMAGES>      640.69835 -12279.10750      0.00000      0.00000      0.00000
MINI EWALD>      15662.4079-5860601.7401 5701419.5666       0.0000       0.0000
MINI CONSTR>     2016.84411      0.00000      0.00000      0.00000      0.00000
 ----------       ---------    ---------    ---------    ---------    ---------
MINI>       20-1024542.2543    4942.4555       2.0677       2.7581
MINI INTERN>    31802.66223  18928.36687    106.70834    626.31998     22.06579
MINI EXTERN>     90784.2433-1012513.0771       0.0000       0.0000       0.0000
MINI IMAGES>      489.85129 -12711.34233      0.00000      0.00000      0.00000
MINI EWALD>      15135.3068-5860601.7401 5701373.2301       0.0000       0.0000
MINI CONSTR>     2015.15050      0.00000      0.00000      0.00000      0.00000
 ----------       ---------    ---------    ---------    ---------    ---------
MINI>       25-1029291.4793    4749.2250       1.8283      12.5666
MINI INTERN>    31768.43564  19012.52907    107.37742    629.47546     23.66310
MINI EXTERN>     91504.0774-1016996.7079       0.0000       0.0000       0.0000
MINI IMAGES>      352.60061 -13105.21085      0.00000      0.00000      0.00000
MINI EWALD>      14657.7603-5860601.7401 5701341.7164       0.0000       0.0000
MINI CONSTR>     2014.54413      0.00000      0.00000      0.00000      0.00000
 ----------       ---------    ---------    ---------    ---------    ---------
MINI>       30-1033570.5147    4279.0354       1.8442      20.6124
MINI INTERN>    32145.64310  19164.25081    107.49370    631.12816     24.45021
MINI EXTERN>     92231.4457-1021645.9094       0.0000       0.0000       0.0000
MINI IMAGES>      260.85355 -13460.43845      0.00000      0.00000      0.00000
MINI EWALD>      14285.6231-5860601.7401 5701272.3776       0.0000       0.0000
MINI CONSTR>     2014.30728      0.00000      0.00000      0.00000      0.00000
 ----------       ---------    ---------    ---------    ---------    ---------
MINI>       35-1037137.1033    3566.5886       3.7968      33.8094
MINI INTERN>    32814.48250  19304.43769    107.44612    632.26344     24.91196
MINI EXTERN>     93245.6583-1026220.6541       0.0000       0.0000       0.0000
MINI IMAGES>      199.65071 -13804.55858      0.00000      0.00000      0.00000
MINI EWALD>      13955.6680-5860601.7401 5701191.4756       0.0000       0.0000
MINI CONSTR>     2013.85513      0.00000      0.00000      0.00000      0.00000
 ----------       ---------    ---------    ---------    ---------    ---------
MINI>       40-1040888.3080    3751.2048       1.4250      33.2735
MINI INTERN>    31910.74682  19195.42901    107.40009    633.20429     25.24861
MINI EXTERN>     93667.5507-1028914.7966       0.0000       0.0000       0.0000
MINI IMAGES>      153.75124 -14030.49232      0.00000      0.00000      0.00000
MINI EWALD>      13694.3044-5860601.7401 5701257.6179       0.0000       0.0000
MINI CONSTR>     2013.46789      0.00000      0.00000      0.00000      0.00000
 ----------       ---------    ---------    ---------    ---------    ---------
MINI>       45-1042521.9274    1633.6194       1.2490      15.5241
MINI INTERN>    31388.25886  19071.19922    107.39689    633.76059     25.44161
MINI EXTERN>     93969.7130-1030057.3939       0.0000       0.0000       0.0000
MINI IMAGES>      132.70531 -14112.68899      0.00000      0.00000      0.00000
MINI EWALD>      13568.9187-5860601.7401 5701339.2025       0.0000       0.0000
MINI CONSTR>     2013.29887      0.00000      0.00000      0.00000      0.00000
 ----------       ---------    ---------    ---------    ---------    ---------
MINI>       50-1045359.3601    2837.4327       1.8933      15.2780
MINI INTERN>    31447.56353  19005.82989    107.38299    634.96076     25.83729
MINI EXTERN>     94806.8841-1033207.0108       0.0000       0.0000       0.0000
MINI IMAGES>       94.13363 -14364.14547      0.00000      0.00000      0.00000
MINI EWALD>      13293.8768-5860601.7401 5701384.2827       0.0000       0.0000
MINI CONSTR>     2012.78459      0.00000      0.00000      0.00000      0.00000
 ----------       ---------    ---------    ---------    ---------    ---------

 ABNER> Minimization exiting with number of steps limit (   50) exceeded.

ABNR MIN: Cycle      ENERgy      Delta-E         GRMS    Step-size
ABNR INTERN:          BONDs       ANGLes       UREY-b    DIHEdrals    IMPRopers
ABNR EXTERN:        VDWaals         ELEC       HBONds          ASP         USER
ABNR IMAGES:        IMNBvdw       IMELec       IMHBnd       RXNField    EXTElec
ABNR EWALD:          EWKSum       EWSElf       EWEXcl       EWQCor       EWUTil
ABNR CONSTR:       HARMonic    CDIHedral          CIC     RESDistance       NOE
 ----------       ---------    ---------    ---------    ---------    ---------
ABNR>       50-1045359.3601    2837.4327       1.8933      13.7502
ABNR INTERN>    31447.56353  19005.82989    107.38299    634.96076     25.83729
ABNR EXTERN>     94806.8841-1033207.0108       0.0000       0.0000       0.0000
ABNR IMAGES>       94.13363 -14364.14547      0.00000      0.00000      0.00000
ABNR EWALD>      13293.8768-5860601.7401 5701384.2827       0.0000       0.0000
ABNR CONSTR>     2012.78459      0.00000      0.00000      0.00000      0.00000
 ----------       ---------    ---------    ---------    ---------    ---------
  
 CHARMM>     
  
 CHARMM>    cons fix sele none end
 SELRPN>      0 atoms have been selected out of 270039
  
 CHARMM>     
  
 CHARMM>     
  
 CHARMM>    !
 CHARMM>    ! Write coordinates and system information
 CHARMM>    !
 CHARMM>     
  
 CHARMM>    open write unit 10 card name step3_pbcsetup.psf
 OPNLGU> Unit already open. The old file will be closed first.
 VCLOSE: Closing unit   10 with status "KEEP"
 VOPEN> Attempting to open::step3_pbcsetup.psf::
 OPNLGU> Unit 10 opened for WRITE access to step3_pbcsetup.psf
  
 CHARMM>    write  psf unit 10 card
 RDTITL>  
 RDTITL> No title read.
 VCLOSE: Closing unit   10 with status "KEEP"
  
 CHARMM>     
  
 CHARMM>    open write unit 10 card name step3_pbcsetup.oldpsf
 VOPEN> Attempting to open::step3_pbcsetup.oldpsf::
 OPNLGU> Unit 10 opened for WRITE access to step3_pbcsetup.oldpsf
  
 CHARMM>    write  psf unit 10 card oldpsf
 RDTITL>  
 RDTITL> No title read.
 VCLOSE: Closing unit   10 with status "KEEP"
  
 CHARMM>     
  
 CHARMM>    open write unit 10 card name step3_pbcsetup.pdb
 VOPEN> Attempting to open::step3_pbcsetup.pdb::
 OPNLGU> Unit 10 opened for WRITE access to step3_pbcsetup.pdb
  
 CHARMM>    write coor unit 10 pdb
 RDTITL>  
 RDTITL> No title read.
  Write CHARMM-pdb format
  
 CHARMM>     
  
 CHARMM>    open write unit 10 card name step3_pbcsetup.crd
 OPNLGU> Unit already open. The old file will be closed first.
 VCLOSE: Closing unit   10 with status "KEEP"
 VOPEN> Attempting to open::step3_pbcsetup.crd::
 OPNLGU> Unit 10 opened for WRITE access to step3_pbcsetup.crd
  
 CHARMM>    write coor unit 10 card
 RDTITL>  
 RDTITL> No title read.
 VCLOSE: Closing unit   10 with status "KEEP"
  
 CHARMM>     
  
 CHARMM>    if @?impatch .eq. 0 set impatch = no
 Comparing "0" and "0".
 IF test evaluated as true.  Performing command
 Parameter: IMPATCH <- "NO"
  
 CHARMM>    open  write unit 90 card name step3_pbcsetup.str
 VOPEN> Attempting to open::step3_pbcsetup.str::
 OPNLGU> Unit 90 opened for WRITE access to step3_pbcsetup.str
  
 CHARMM>    write title unit 90
 RDTITL> * SET BOXTYPE  = RECT
 RDTITL> * SET XTLTYPE  = CUBIC
 RDTITL> * SET A = 142
 RDTITL> * SET B = 142
 RDTITL> * SET C = 142
 RDTITL> * SET ALPHA = 90.0
 RDTITL> * SET BETA  = 90.0
 RDTITL> * SET GAMMA = 90.0
 RDTITL> * SET IMPATCH = NO
 RDTITL> * SET FFTX  = 150
 RDTITL> * SET FFTY  = 150
 RDTITL> * SET FFTZ  = 150
 RDTITL> * SET XCEN  = 0
 RDTITL> * SET YCEN  = 0
 RDTITL> * SET ZCEN  = 0
 RDTITL> *
  
 CHARMM>     
  
 CHARMM>     
  
 CHARMM>    stop
 VCLOSE: Closing unit   20 with status "KEEP"
 VCLOSE: Closing unit   90 with status "KEEP"
$$$$$$  New timer profile $$$$$
      Image Update                   35.46 Other:            0.00
      xdistm setup                    0.12 Other:            0.00
      xdistm Build list             290.88 Other:            0.00
      NBONDS                        242.99 Other:            0.00
   List time                     569.44 Other:            0.00
            Direct Ewald time             691.14 Other:            0.00
               Fill charge grid               30.07 Other:            0.00
               Scalar sum                     18.73 Other:            0.00
               Grad sum                       33.82 Other:            0.00
               FFT                            25.17 Other:            0.00
            Recip Ewald time              108.32 Other:            0.53
         Ewald time                    799.47 Other:            0.00
      Nonbond force                 801.35 Other:            1.88
         Bond energy                     0.51 Other:            0.00
         Angle energy                    0.95 Other:            0.00
         Dihedral energy                 0.23 Other:            0.00
         Restraints energy               0.00 Other:            0.00
      INTRNL energy                   2.04 Other:            0.35
   Energy time                   804.26 Other:            0.87
 Total time                   1373.70 Other:            0.00

                    NORMAL TERMINATION BY NORMAL STOP
                    MOST SEVERE WARNING WAS AT LEVEL  1

                    $$$$$ JOB ACCOUNTING INFORMATION $$$$$
                     ELAPSED TIME:    21.34  MINUTES 
                         CPU TIME:    15.22  MINUTES 
